A6,Av,Ch,Chd,Cl,In,Mc,Nm,Rg,Ut,Vm
Not Available,13,161,0,1,13,00:6b:f1:94:fe:e0,111_EXT_AP2,9,17685369,1055708020736
Not Available,16,161,0,2,16,00:6b:f1:ac:fb:b0,111_EXT_AP1,15,17685368,1253571952640
Not Available,21,"(120,116)",0,1,21,cc:46:d6:d2:d9:00,APcc46.d6d2.d900,0,17685645,2450878627840
Not Available,15,161,0,0,15,00:6b:f1:94:fe:00,Out_AP18,17,17685256,1173826174976
Not Available,0,161,0,2,0,cc:46:d6:d2:cc:10,Food-Out-03,6,17685255,2408690745344
Not Available,5,161,0,0,5,cc:46:d6:70:c3:20,Out_AP09,0,17685248,1484297
Not Available,0,161,0,2,0,cc:46:d6:d2:db:40,Out_AP02,7,17685213,2471069483008
Not Available,10,"(153,149)",0,1,10,00:6b:f1:ac:fb:90,Out_AP12,4,17685243,1295011282944
Not Available,7,"(149,153)",0,1,7,cc:46:d6:d2:cc:90,108-Out-01,0,17685226,1030883835904
Not Available,0,161,0,0,0,cc:46:d6:d2:cc:b0,Out_AP17,0,17680219,140351
Not Available,1,"(104,100)",0,1,1,cc:46:d6:70:b1:c0,Power-Out-02,0,17592397,361900605440
Not Available,4,"(149,153)",0,1,2,80:e8:6f:d8:1c:50,Nature_05F-03,3,5774777,27944845312
Not Available,2,"(108,112)",0,0,0,38:20:56:84:55:88,Nature_B1F_A07,1,5706832,5524976640
Not Available,3,"(60,64)",0,0,2,38:20:56:84:53:88,Nature_B1F_A08,0,5706492,66147684352
Not Available,3,"(36,40)",0,5,1,38:20:56:84:53:e8,Eng1_10F_A10,2,5705025,64847843328
Not Available,13,"(36,40)",0,0,0,38:20:56:7e:1c:48,Dorm3_02F_A14-Dorm4_2F_Food,0,5700333,53120741376
Not Available,7,"(120,116)",0,1,5,80:e8:6f:d6:50:b8,Nature_04F-02,3,5506645,104673091584
Not Available,2,"(44,48)",0,0,0,80:e8:6f:d8:15:f8,108-3F-11,1,5459851,99475742720
Not Available,87,"(36,40)",0,0,43,80:e8:6f:d6:40:50,Human_05F-07,3,5324529,90677256192
Not Available,12,"(60,64)",0,2,7,38:20:56:84:4e:50,Info_04F_A02,1,5228612,165378654208
Not Available,7,"(64,60)",0,2,5,38:20:56:84:4c:28,Head_03F_A02,3,5164951,42938228736
Not Available,4,"(149,153)",0,0,2,38:20:56:84:4e:90,Human_02F_A12,2,5095508,33459558400
Not Available,20,161,0,0,20,cc:46:d6:d2:cd:c0,Food-Out-01,11,5035152,483803529216
Not Available,2,"(36,40)",0,1,0,38:20:56:80:27:90,Head_B1F_A09,3,5026037,5567688704
Not Available,5,"(60,64)",0,2,3,80:e8:6f:d6:62:88,Eng1_07F-07,2,4955809,56850280448
Not Available,2,"(112,108)",0,0,0,38:20:56:7e:1e:b0,Low_B1F_A04,0,4789116,24438804480
Not Available,2,"(108,112)",0,0,0,80:e8:6f:d8:5b:78,108-7F-03,0,4701199,10529830912
Not Available,2,"(44,48)",0,3,0,80:e8:6f:d8:33:38,112-4F-06,2,4688869,10000024576
Not Available,57,"(100,104)",0,0,38,80:e8:6f:d8:15:70,Nature_04F-04,2,4664189,3561923840
Not Available,2,"(48,44)",0,1,0,38:20:56:86:16:38,Machine_01F_A03,1,4652886,17280884736
Not Available,4,"(36,40)",0,0,2,94:d4:69:fc:64:80,111-4F-AP8,3,4425014,43363684352
Not Available,2,"(120,116)",0,0,0,80:e8:6f:d8:5f:50,108-7F-10,0,4002152,1048250560
Not Available,2,"(48,44)",0,0,0,80:e8:6f:d6:43:10,108-8F-13,0,4001066,947256384
Not Available,2,"(60,64)",0,0,0,80:e8:6f:d6:40:58,108-8F-03,0,4000814,83214852096
Not Available,2,"(56,52)",0,0,0,80:e8:6f:d8:34:10,108-8F-02,0,4000705,18162937856
Not Available,2,"(52,56)",0,0,0,80:e8:6f:d8:5c:20,108-7F-07,1,4000506,1619691904
Not Available,2,"(157,161)",0,0,0,80:e8:6f:d8:5e:10,108-7F-09,1,4000188,11406584832
Not Available,2,"(120,116)",0,2,0,80:e8:6f:d8:5d:b0,108-8F-04,1,4000161,32295458816
Not Available,2,"(104,100)",0,1,0,80:e8:6f:d8:15:f0,108-8F-15,0,3998611,1968288640
Not Available,2,"(161,157)",0,0,0,80:e8:6f:d8:1b:08,108-8F-11,0,3997855,775400448
Not Available,2,"(40,36)",0,2,0,80:e8:6f:d8:17:a8,108-8F-01,0,3997549,5323059200
Not Available,2,"(48,44)",0,0,0,80:e8:6f:d8:35:60,108-8F-10,0,3997440,8844487680
Not Available,3,"(36,40)",0,4,1,38:ed:18:c6:21:90,108-8F-16,1,3997409,17472118784
Not Available,2,"(120,116)",0,0,0,80:e8:6f:d6:40:60,108-8F-07,0,3997251,14343905280
Not Available,4,"(36,40)",0,0,2,38:ed:18:c6:1f:d0,108-7F-11,2,3996942,566020544
Not Available,2,"(44,48)",0,1,0,80:e8:6f:d8:15:48,110-8F-01,0,3993598,3202695680
Not Available,2,"(108,112)",0,1,0,80:e8:6f:d6:42:80,110-10F-01,0,3984321,59592167424
Not Available,9,"(116,120)",0,3,7,80:e8:6f:d6:48:f0,Eng2_04F-02,3,3964140,112055058432
Not Available,2,"(44,48)",0,0,0,80:e8:6f:d8:5c:a8,Eng1_03F-07,0,3945413,13659421696
Not Available,7,"(153,149)",0,0,7,00:6b:f1:95:00:70,Out_AP13,0,17590508,120039727104
Not Available,2,"(48,44)",0,1,0,38:20:56:82:45:b8,110-6F-11,0,3857038,46060244992
Not Available,2,"(52,56)",0,1,0,80:e8:6f:d8:5f:18,112-7F-12,0,3846280,39812947968
Not Available,2,"(108,112)",0,0,0,80:e8:6f:d2:1b:60,110-7F-17,0,3758771,2947715072
Not Available,4,"(149,153)",0,0,2,80:e8:6f:d8:28:a0,108-6F-06,2,3713055,6363088896
Not Available,10,"(60,64)",0,1,1,38:20:56:80:26:68,Info_02F_A10,1,3701988,479034638336
Not Available,4,"(149,153)",0,0,2,94:d4:69:fa:05:d0,Human_02F_A16,2,3444549,3656571648
Not Available,4,"(112,108)",0,2,2,80:e8:6f:d8:14:68,Human_04F-07,1,3371464,37997469696
Not Available,4,"(108,112)",0,0,2,38:20:56:80:54:98,Eng2_03F-08,2,3290250,85690941440
Not Available,20,"(64,60)",0,0,16,38:20:56:84:55:20,Head_04F_A03,4,3269244,9394711552
Not Available,34,"(108,112)",0,0,25,38:20:56:80:27:c0,Head_04F_A02,6,3269229,12790629376
Not Available,4,"(36,40)",0,0,2,38:20:56:84:4e:18,Head_04F_A08,3,3269191,23016368128
Not Available,2,"(149,153)",0,2,0,38:20:56:80:27:08,Dorm_MNT_A02,0,3224265,296885190656
Not Available,100,"(100,104)",0,0,0,94:d4:69:fa:05:c8,Dorm_Open_A01,2,3224265,21308342272
Not Available,23,"(108,112)",0,0,4,38:20:56:80:26:c8,Dorm_MNT_A01,4,3224265,14008183808
Not Available,11,"(36,40)",0,2,1,38:20:56:80:26:28,Dorm2_02F_A01,0,3224265,66207526912
Not Available,2,"(108,112)",0,0,0,38:20:56:80:2c:18,Dorm2_01F_A03,0,3224265,44094169088
Not Available,2,"(44,48)",0,0,0,38:20:56:80:26:80,Dorm2_02F_A02,0,3224265,261135433728
Not Available,2,"(157,161)",0,1,0,38:20:56:80:27:58,Dorm2_02F_A03,0,3224265,210337497088
Not Available,2,"(149,153)",0,2,0,38:20:56:80:27:a0,Dorm2_01F_A02,0,3224266,34426200064
Not Available,2,"(60,64)",0,0,0,38:20:56:80:27:a8,Dorm3_02F_A07,1,3224265,119523784
Not Available,19,"(161,157)",0,0,10,38:20:56:80:29:08,Dorm3_02F_A10,1,3224265,10805297152
Not Available,16,"(60,64)",0,0,1,38:20:56:84:53:60,Dorm3_01F_A07,0,3224265,18954256384
Not Available,10,"(153,149)",0,0,1,38:20:56:84:53:90,Dorm3_01F_A08,2,3224265,7648673792
Not Available,2,"(149,153)",0,0,0,38:20:56:84:4e:98,Dorm3_02F_A01,0,3224266,15582977024
Not Available,2,"(161,157)",0,0,0,38:20:56:84:15:c0,Dorm3_02F_A02,0,3224266,160735680
Not Available,2,"(36,40)",0,0,0,38:20:56:80:2e:40,Dorm3_02F_A04,0,3224265,53271379968
Not Available,2,"(52,56)",0,0,0,38:20:56:84:4e:c8,Dorm3_02F_A03,0,3224266,19432558592
Not Available,2,"(149,153)",0,0,0,38:20:56:80:2e:18,Dorm3_02F_A05,0,3224265,3017351168
Not Available,25,"(36,40)",0,0,2,38:20:56:7e:1e:d0,Dorm3_02F_A11,3,3224264,8981584896
Not Available,2,"(48,44)",0,0,0,38:20:56:80:29:b8,Dorm3_02F_A09,0,3224265,185245696
Not Available,3,"(108,112)",0,0,1,38:20:56:80:25:b0,Dorm3_01F_A06,0,3224265,14741069824
Not Available,7,"(104,100)",0,0,1,38:20:56:80:29:18,Dorm3_02F_A06,0,3224265,3688172288
Not Available,4,"(100,104)",0,0,2,38:20:56:80:28:00,Dorm3_02F_A08,0,3224265,70552352
Not Available,10,"(108,112)",0,1,0,38:20:56:7e:1e:98,Dorm3_02F_A12,1,3224265,49189187584
Not Available,2,"(36,40)",0,0,0,38:ed:18:c6:1f:b0,Test-1F-02,0,3443017,2037940096
Not Available,2,"(157,161)",0,0,0,38:20:56:82:44:48,Test-1F-01,0,3443017,432974976
Not Available,4,"(149,153)",0,0,2,38:ed:18:c8:60:08,Test-2F-02,1,3443018,1169117056
Not Available,2,"(44,48)",0,0,0,80:e8:6f:d2:0a:28,Test-1F-03,0,3443017,141710800
Not Available,2,"(108,112)",0,0,0,38:20:56:82:45:c0,Test-2F-03,1,3443016,1660364544
Not Available,2,"(64,60)",0,0,0,80:e8:6f:d4:60:f8,Test-2F-01,0,3443017,1144713216
Not Available,10,161,0,0,10,00:42:68:22:96:10,Test-Out-01,12,3441790,216292540416
Not Available,4,"(64,60)",0,0,2,38:20:56:82:46:b0,110-1F(Hall)-03,1,3223956,10343145472
Not Available,2,"(64,60)",0,0,0,38:20:56:82:45:80,108-1F(CR)-03,0,3223954,8253467648
Not Available,57,"(36,40)",0,2,10,38:ed:18:c8:36:b8,108-1F(CR)-12,1,3223953,20462817280
Not Available,2,"(44,48)",0,0,0,38:ed:18:c8:5f:80,110-1F(Hall)-01,1,3223956,3514051328
Not Available,2,"(48,44)",0,0,0,80:e8:6f:d2:09:60,108-1F(CR)-05,0,3223953,6164665344
Not Available,2,"(149,153)",0,0,0,80:e8:6f:d2:08:b0,110-1F(Hall)-09,0,3223956,13584487424
Not Available,7,"(104,100)",0,0,5,38:ed:18:ca:2a:40,110-1F(Hall)-07,1,3223956,18206976000
Not Available,2,"(112,108)",0,0,0,80:e8:6f:d2:18:58,110-1F(Hall)-10,0,3223956,8786376704
Not Available,3,"(36,40)",0,0,1,80:e8:6f:d2:24:70,110-1F(Hall)-06,2,3223956,4716671488
Not Available,4,"(56,52)",0,0,2,80:e8:6f:d2:08:c8,110-1F(Hall)-05,1,3223956,37670088704
Not Available,4,"(64,60)",0,0,2,80:e8:6f:d2:30:28,110-1F(Hall)-08,1,3223956,21050562560
Not Available,2,"(112,108)",0,0,0,80:e8:6f:d8:0a:28,108-1F(CR)-02,0,3223953,8766589952
Not Available,3,"(120,116)",0,0,1,38:20:56:82:47:48,110-1F(Hall)-02,0,3223955,26497970176
Not Available,2,"(149,153)",0,0,0,80:e8:6f:d2:08:48,108-1F(CR)-06,1,3223953,4862239232
Not Available,28,"(120,116)",0,1,19,38:ed:18:c6:5b:08,108-1F(CR)-11,3,3223953,2820850176
Not Available,4,"(100,104)",0,0,2,38:ed:18:c8:58:c0,108-1F(CR)-04,0,3223953,161289945088
Not Available,5,"(36,40)",0,0,3,38:ed:18:c8:39:20,108-1F(CR)-09,1,3223953,255519776
Not Available,2,"(52,56)",0,0,0,38:ed:18:c8:36:70,108-1F(CR)-08,0,3223953,3389230336
Not Available,2,"(120,116)",0,0,0,38:ed:18:c8:60:30,108-1F(CR)-10,0,3223953,1931516672
Not Available,2,"(161,157)",0,0,0,38:ed:18:c8:38:70,108-1F(CR)-07,1,3223954,36286345216
Not Available,2,"(161,157)",0,0,0,38:20:56:82:4f:c8,110-1F(Hall)-04,0,3223956,39028797440
Not Available,21,161,0,0,21,cc:46:d6:d2:dc:80,Out_AP05,15,3134853,361369108480
Not Available,8,161,0,0,8,cc:46:d6:2b:ef:e0,Power-Out-01,2,17577472,154321846272
Not Available,2,"(112,108)",0,1,0,80:e8:6f:d2:07:c0,110-7F-11,0,3008834,2707302400
Not Available,4,"(44,48)",0,1,2,38:20:56:80:27:d0,Human_02F_A21,3,2975170,8477511680
Not Available,100,"(64,60)",0,17,0,38:20:56:7e:1e:78,Human_01F_A02,4,2881426,18349715456
Not Available,3,"(56,52)",0,1,1,94:d4:69:fa:07:18,Nature_B1F_A04,0,2763089,17435064320
Not Available,2,"(64,60)",0,0,0,80:e8:6f:d8:60:10,108-9F-05,0,2717202,259542592
Not Available,2,"(112,108)",0,0,0,80:e8:6f:d8:33:60,108-9F-02,1,2714675,8042117632
Not Available,2,"(161,157)",0,0,0,80:e8:6f:d6:43:f8,108-9F-12,1,2711725,1098155776
Not Available,2,"(44,48)",0,0,0,80:e8:6f:d8:16:10,108-9F-10,0,2711218,1596953728
Not Available,2,"(120,116)",0,0,0,80:e8:6f:d8:30:28,108-9F-04,1,2711198,9050681344
Not Available,2,"(149,153)",0,0,0,80:e8:6f:d8:5b:68,108-9F-03,2,2709693,21100220416
Not Available,13,"(161,157)",0,3,1,38:ed:18:c6:20:48,108-9F-08,0,2709623,73569239040
Not Available,2,"(149,153)",0,0,0,38:ed:18:c6:1f:30,108-9F-07,1,2709552,65459281920
Not Available,2,"(52,56)",0,1,0,80:e8:6f:d6:48:28,108-9F-13,0,2709320,22579658752
Not Available,2,"(104,100)",0,1,0,80:e8:6f:d8:33:28,108-9F-01,1,2709287,57333362688
Not Available,2,"(120,116)",0,0,0,80:e8:6f:d6:43:c0,108-6F-14,1,2708962,213582016
Not Available,2,"(108,112)",0,0,0,80:e8:6f:d8:19:50,108-6F-09,0,2708621,24860018
Not Available,3,"(64,60)",0,0,1,80:e8:6f:d8:16:98,108-6F-07,1,2708568,1173275520
Not Available,2,"(52,56)",0,0,0,80:e8:6f:d8:5b:20,108-6F-10,0,2708502,47643060
Not Available,2,"(64,60)",0,0,0,80:e8:6f:d2:07:38,108-6F-15,1,2708452,252426560
Not Available,2,"(149,153)",0,0,0,80:e8:6f:d8:34:88,108-6F-16,1,2708365,148063360
Not Available,3,"(44,48)",0,1,1,80:e8:6f:d8:5b:08,108-6F-01,1,2708291,2670017536
Not Available,2,"(157,161)",0,0,0,80:e8:6f:d2:08:20,108-6F-11,1,2708287,65541196
Not Available,2,"(120,116)",0,0,0,80:e8:6f:d8:5c:d8,108-9F-06,1,2708160,968902528
Not Available,2,"(36,40)",0,0,0,80:e8:6f:d8:1d:08,108-6F-04,0,2708090,1832755712
Not Available,4,"(104,100)",0,0,2,80:e8:6f:d8:1a:60,108-6F-02,1,2707996,321284448
Not Available,3,"(149,153)",0,1,1,80:e8:6f:d8:16:48,108-6F-03,3,2707823,5491982336
Not Available,2,"(112,108)",0,3,0,80:e8:6f:d2:32:28,108-9F-16,1,2707806,44192632832
Not Available,2,"(44,48)",0,0,0,80:e8:6f:d8:23:d8,108-6F-08,2,2707791,5270219264
Not Available,6,"(104,100)",0,0,4,38:ed:18:c6:20:78,108-6F-13,2,2707753,138645104
Not Available,4,"(112,108)",0,0,2,80:e8:6f:d2:1f:f8,108-9F-11,2,2707701,13256258560
Not Available,53,"(52,56)",0,0,9,80:e8:6f:d8:5d:08,108-6F-12,0,2707690,75211360
Not Available,2,"(112,108)",0,0,0,80:e8:6f:d8:33:c8,108-6F-05,0,2707437,207504752
Not Available,2,"(104,100)",0,0,0,80:e8:6f:d8:36:00,108-9F-09,1,2707231,971072768
Not Available,2,"(40,36)",0,1,0,80:e8:6f:d6:48:d0,108-9F-14,0,2707054,1607836160
Not Available,2,"(64,60)",0,0,0,80:e8:6f:d2:2f:f0,108-9F-15,0,2706996,3490460672
Not Available,2,"(149,153)",0,0,0,94:d4:69:fa:03:a8,Human_01F_A14,1,2600691,5074435584
Not Available,4,"(104,100)",0,0,2,80:e8:6f:d6:51:68,110-4F-08,1,2583972,11947882496
Not Available,28,"(116,120)",0,0,21,80:e8:6f:d8:58:e0,Eng1_03F-01,1,2539411,9310073856
Not Available,2,"(40,36)",0,0,0,80:e8:6f:d8:5c:68,110-3F-09,0,2488915,239105936
Not Available,2,"(153,149)",0,1,0,38:20:56:82:47:20,Child-1F-01,1,2487379,534174656
Not Available,2,"(64,60)",0,0,0,80:e8:6f:d2:2b:b8,Child-1F-02,0,2487379,207797920
Not Available,2,"(161,157)",0,0,0,38:ed:18:c6:1f:e0,Child-2F-01,0,2487377,454306656
Not Available,2,"(36,40)",0,0,0,38:ed:18:c6:20:08,Child-2F-02,0,2487379,193527504
Not Available,9,"(64,60)",0,4,7,38:20:56:7e:1d:c8,Head_01F_A01,3,2419374,16250918912
Not Available,21,"(120,116)",0,2,12,94:d4:69:fa:05:a8,Dorm_Open_A02,2,2399977,21657329664
Not Available,2,"(149,153)",0,0,0,38:20:56:7e:1c:38,Dorm3_02F_A13,0,2373154,285838240
Not Available,30,"(64,60)",0,2,3,80:e8:6f:d8:5f:28,Eng1_03F-06,0,2366121,42129338368
Not Available,2,"(108,112)",0,3,0,80:e8:6f:d8:18:08,Eng1_07F-05,0,2324787,49287258112
Not Available,4,"(44,48)",0,0,2,38:20:56:84:4e:60,Human_02F_A11,1,2261077,161088016
Not Available,4,"(52,56)",0,0,2,80:e8:6f:d8:5e:50,108-7F-01,1,2253831,624034688
Not Available,4,"(52,56)",0,4,2,80:e8:6f:d8:15:08,Eng2_04F-04,3,2238603,67933769728
Not Available,4,"(100,104)",0,0,2,38:20:56:80:27:30,Hall_02F_A06,2,2156967,16430679040
Not Available,3,"(36,40)",0,0,1,38:20:56:80:24:f8,Hall_02F_A05,3,2156967,38060867584
Not Available,25,161,0,3,25,cc:46:d6:2b:eb:d0,APcc46.d62b.ebd0,16,2157012,286341332992
Not Available,2,"(36,40)",0,1,0,38:20:56:80:29:48,Hall_04F_A03,3,2156749,38272348160
Not Available,6,"(100,104)",0,0,4,38:20:56:7e:1d:28,Hall_04F_A09,4,2156748,9949840384
Not Available,2,"(36,40)",0,1,0,38:20:56:80:2d:f8,Hall_01F_A03,0,2156748,7261117440
Not Available,2,"(116,120)",0,0,0,38:20:56:80:25:f8,Hall_04F_A05,0,2156748,9442234368
Not Available,2,"(149,153)",0,0,0,38:20:56:7e:1c:f0,Hall_03F_A06,6,2156748,9365305344
Not Available,2,"(36,40)",0,0,0,38:20:56:7e:1e:88,Gym_B2F_A01,0,2156749,390482496
Not Available,3,"(36,40)",0,0,1,38:20:56:84:53:50,Hall_03F_A01,5,2156748,4741352960
Not Available,2,"(44,48)",0,0,0,38:20:56:80:27:18,Hall_04F_A06,3,2156747,81610276864
Not Available,3,"(44,48)",0,0,1,38:20:56:80:28:18,Hall_03F_A05,4,2156748,19510749184
Not Available,5,"(52,56)",0,2,3,94:d4:69:fa:05:a0,Hall_02F_A02,2,2156747,75484717056
Not Available,4,"(157,161)",0,0,2,38:20:56:84:52:08,Hall_02F_A07,9,2156747,1232535040
Not Available,3,"(149,153)",0,0,1,38:20:56:80:2e:48,Hall_04F_A010,3,2156748,8688522240
Not Available,6,"(64,60)",0,0,4,38:20:56:80:26:d0,Hall_04F_A04,4,2156748,10432716800
Not Available,2,"(120,116)",0,0,0,94:d4:69:fa:06:78,Hall_01F_A01,3,2156748,15628582912
Not Available,4,"(56,52)",0,0,2,38:20:56:7e:1e:f8,Hall_04F_A01,0,2156746,21841405952
Not Available,6,"(157,161)",0,0,4,38:20:56:7e:1d:30,Hall_04F_A08,9,2156747,8135450624
Not Available,7,"(100,104)",0,0,5,38:20:56:80:26:e8,Hall_04F_A07,7,2156747,19442982912
Not Available,8,"(64,60)",0,1,6,38:20:56:7e:1e:60,Hall_03F_A03,3,2156748,18045200384
Not Available,5,"(108,112)",0,0,1,94:d4:69:fa:04:f0,Hall_01F_A04,2,2156748,6135618560
Not Available,5,"(100,104)",0,1,3,94:d4:69:fa:03:d8,Hall_02F_A03,3,2156747,7473874944
Not Available,4,"(64,60)",0,1,1,38:20:56:80:26:e0,Hall_02F_A04,3,2156748,18543515648
Not Available,6,"(64,60)",0,0,5,38:20:56:7e:1e:28,Hall_02F_A01,1,2156747,8900743168
Not Available,8,"(108,112)",0,0,6,94:d4:69:fa:06:d8,Hall_04F_A02,13,2156748,34074595328
Not Available,2,"(120,116)",0,1,0,38:20:56:80:2e:20,Hall_03F_A02,0,2156748,38421016576
Not Available,3,"(149,153)",0,0,1,38:20:56:7e:1d:80,Hall_01F_A02,2,2156748,14963304448
Not Available,3,"(112,108)",0,0,1,38:20:56:80:28:90,Gym_B1F_A01,2,2150372,12126776320
Not Available,2,"(149,153)",0,4,0,38:20:56:7e:1e:18,Gym_B1F_A02,2,2150372,290497167360
Not Available,5,"(100,104)",0,1,3,38:20:56:80:26:00,Gym_01F_A01,4,2150372,10349942784
Not Available,14,"(36,40)",0,0,1,38:20:56:80:26:30,Gym_01F_A02,1,2150373,735582336
Not Available,8,"(64,60)",0,0,6,38:20:56:84:53:f0,Nature_06F_A08(OLD),4,2028799,4914855936
Not Available,0,161,0,2,0,cc:46:d6:2b:ee:70,Out_AP06,0,1907107,186881982464
Not Available,9,161,0,2,9,cc:46:d6:70:c2:a0,APcc46.d670.c2a0,0,1804725,119428087808
Not Available,4,"(104,100)",0,0,2,80:e8:6f:d4:65:10,108-4F-18,1,1759800,3141502208
Not Available,2,"(153,149)",0,0,2,cc:46:d6:d2:ca:10,APcc46.d6d2.ca10,0,1720889,33842987008
Not Available,4,"(100,104)",0,1,2,38:20:56:80:52:d8,112-8F-13,1,1716659,828630848
Not Available,2,"(157,161)",0,0,0,00:f8:2c:28:38:28,AP00F8.2C28.3828,1,1577630,7563253760
Not Available,2,"(120,116)",0,0,0,38:20:56:7e:1c:a0,AP3820.567E.1CA0,2,1576163,30107901952
Not Available,5,"(52,56)",0,0,3,00:f8:2c:26:0d:40,AP00F8.2C26.0D40,1,1572530,18638036992
Not Available,2,"(44,48)",0,0,0,00:f8:2c:26:1e:c0,AP00F8.2C26.1EC0,1,1571814,25524240384
Not Available,3,"(100,104)",0,0,1,00:f8:2c:26:1e:f0,AP00F8.2C26.1EF0,0,1571770,36134469632
Not Available,3,"(60,64)",0,0,1,00:f8:2c:26:1e:f8,00:f8:2c:26:1e:f8,1,1571339,11131977728
Not Available,4,"(149,153)",0,0,2,00:f8:2c:28:13:f0,AP00F8.2C28.13F0,2,1570871,13516144640
Not Available,3,"(108,112)",0,0,1,38:20:56:84:53:70,38:20:56:84:53:70,2,1569861,38339665920
Not Available,5,"(52,56)",0,0,3,00:f8:2c:28:0e:a8,AP00F8.2C28.0EA8,2,1569729,4263119104
Not Available,3,"(36,40)",0,0,1,38:20:56:80:26:78,38:20:56:80:26:78,5,1568847,24364251136
Not Available,2,"(56,52)",0,0,0,94:d4:69:fa:06:90,Adv_01F_A10,0,1558456,8147392512
Not Available,4,"(52,56)",0,0,2,80:e8:6f:d2:09:e8,108-1F-02,1,1553223,7122562048
Not Available,2,"(108,112)",0,0,0,94:d4:69:fa:05:e8,Adv_01F_A09,0,1547110,1240712064
Not Available,3,"(149,153)",0,0,1,38:20:56:84:51:f8,Adv_02F_A10,2,1546985,1231855232
Not Available,2,"(120,116)",0,0,0,94:d4:69:fa:07:88,Adv_03F_A09,1,1546599,2534550272
Not Available,3,"(100,104)",0,1,1,94:d4:69:fa:07:b0,Adv_03F_A08,2,1546044,7511790592
Not Available,2,"(120,116)",0,0,0,94:d4:69:fa:07:50,Adv_04F_A07,1,1545968,6224235520
Not Available,5,"(44,48)",0,0,3,38:20:56:80:2d:b8,Adv_01F_A02,3,1541608,6499362816
Not Available,2,"(149,153)",0,0,0,94:d4:69:fa:06:a8,Adv_01F_A06,0,1540748,1272364416
Not Available,3,"(100,104)",0,2,1,94:d4:69:fa:04:50,Adv_02F_A08,1,1540158,14322860032
Not Available,2,"(52,56)",0,1,0,38:20:56:80:2b:78,Adv_02F_A02,1,1535394,794679936
Not Available,4,"(44,48)",0,1,2,38:20:56:84:54:d8,Adv_02F_A05,1,1535174,4935637504
Not Available,2,"(40,36)",0,0,0,38:20:56:80:27:28,Adv_02F_A04,0,1535051,1517127808
Not Available,2,"(112,108)",0,1,0,94:d4:69:fa:07:90,Adv_04F_A01,0,1534933,12722970624
Not Available,2,"(36,40)",0,1,0,38:20:56:84:51:48,Adv_01F_A05,0,1534899,22682740736
Not Available,2,"(36,40)",0,0,0,38:20:56:80:28:c8,Adv_04F_A02,1,1534637,22553694208
Not Available,2,"(64,60)",0,1,0,94:d4:69:fa:05:38,Adv_03F_A10,1,1534602,6356667392
Not Available,4,"(52,56)",0,7,2,94:d4:69:fa:06:a0,Adv_02F_A11,0,1533942,6860339200
Not Available,2,"(52,56)",0,4,0,94:d4:69:fa:04:30,Adv_03F_A02,0,1533802,31480358912
Not Available,2,"(100,104)",0,2,0,94:d4:69:fa:07:28,Adv_04F_A06,0,1533407,2513525248
Not Available,4,"(64,60)",0,0,1,94:d4:69:fa:01:38,Adv_03F_A05,0,1533297,1695158144
Not Available,2,"(149,153)",0,0,0,94:d4:69:fa:05:80,Adv_03F_A07,1,1532921,2958240512
Not Available,4,"(64,60)",0,0,2,38:20:56:80:26:f0,Adv_02F_A07,1,1532847,173448256
Not Available,2,"(44,48)",0,6,0,94:d4:69:fa:04:20,Adv_04F_A09,1,1532639,29933025280
Not Available,41,"(64,60)",0,2,2,94:d4:69:fa:05:78,Adv_04F_A08,0,1532603,24253863936
Not Available,4,"(44,48)",0,0,2,38:20:56:84:51:d0,Adv_03F_A04,2,1532221,1507027456
Not Available,2,"(161,157)",0,1,0,94:d4:69:fa:05:98,Adv_01F_A07,0,1532139,11360096256
Not Available,3,"(64,60)",0,1,1,38:20:56:84:51:68,Adv_01F_A04,1,1531902,9718449152
Not Available,9,"(149,153)",0,2,2,38:20:56:80:2d:d0,Adv_04F_A03,2,1531538,11607013376
Not Available,5,"(52,56)",0,0,3,38:20:56:80:2e:10,Adv_02F_A03,3,1531031,3941874432
Not Available,6,"(60,64)",0,5,2,38:20:56:84:4f:10,Adv_02F_A09,1,1530939,13867157504
Not Available,2,"(36,40)",0,0,0,94:d4:69:fa:06:00,Adv_03F_A01,0,1530749,4095570432
Not Available,3,"(161,157)",0,0,1,94:d4:69:fa:06:28,Adv_04F_A05,2,1530225,3121714176
Not Available,4,"(56,52)",0,1,1,38:20:56:7e:15:58,Adv_04F_A04,1,1529794,8079213056
Not Available,3,"(112,108)",0,5,0,38:20:56:84:51:30,Adv_03F_A03,0,1529164,88260157440
Not Available,2,"(56,52)",0,0,0,94:d4:69:fa:07:30,Adv_03F_A06,0,1529144,199221888
Not Available,2,"(100,104)",0,2,0,38:20:56:84:53:b0,Adv_01F_A01,0,1529045,8963620864
Not Available,2,"(120,116)",0,0,0,38:20:56:84:50:10,Adv_02F_A01,0,1528396,1123809408
Not Available,2,"(157,161)",0,10,0,38:20:56:7e:1f:d8,Adv_02F_A06,0,1527994,27256479744
Not Available,4,"(149,153)",0,0,2,38:20:56:84:52:98,38:20:56:84:52:98,2,1497719,12912844800
Not Available,2,"(44,48)",0,0,0,00:f8:2c:28:2a:08,AP00F8.2C28.2A08,1,1496492,5098231808
Not Available,4,"(100,104)",0,0,2,00:f8:2c:28:2d:50,00:f8:2c:28:2d:50,1,1495492,2080142976
Not Available,2,"(56,52)",0,2,0,38:20:56:80:29:00,Dorm3_02F_A17,0,1329445,38852771840
Not Available,5,"(120,116)",0,3,3,80:e8:6f:d6:48:70,Eng1_09F-05,3,1327294,68353044480
Not Available,3,"(52,56)",0,0,1,94:d4:69:f4:0a:88,111-1F-AP8,2,1262271,1248381952
Not Available,3,"(112,108)",0,2,1,38:20:56:84:52:40,Info_04F_A06,2,1196912,50193821696
Not Available,2,"(157,161)",0,5,0,80:e8:6f:d8:34:70,108-4F-09,3,1196229,35275743232
Not Available,3,"(120,116)",0,0,1,38:ed:18:c8:38:a0,110-8F-11,2,1191652,2432073472
Not Available,2,"(153,149)",0,1,0,38:20:56:80:29:70,Dorm3_02F_A18,0,1185038,38048448512
Not Available,2,"(36,40)",0,0,0,38:20:56:84:54:d0,Info_02F_A09,2,1171124,15238713344
Not Available,2,"(149,153)",0,1,0,94:d4:69:fa:07:a8,Dorm3_02F_A16,0,1156954,43548913664
Not Available,2,"(161,157)",0,0,0,38:20:56:7e:1c:50,Dorm3_02F_A15,0,1155018,20512266240
Not Available,7,"(108,112)",0,0,5,38:20:56:7e:1e:b8,Hall_03F_A04,9,1152643,8414826496
Not Available,2,"(56,52)",0,0,0,38:20:56:80:27:20,Dorm4_20F_A01,0,1142592,525327392
Not Available,2,"(153,149)",0,0,0,38:20:56:80:29:30,Dorm4_14F_A07,3,1142403,3972860416
Not Available,2,"(36,40)",0,0,0,38:20:56:80:26:18,Dorm4_04F_A17,0,1141295,223500192
Not Available,2,"(149,153)",0,0,0,38:20:56:80:29:c0,Dorm4_17F_A04,2,1141149,521788256
Not Available,2,"(36,40)",0,0,0,38:20:56:84:52:30,Dorm4_09F_A12,0,1140760,164671536
Not Available,2,"(36,40)",0,0,0,38:20:56:84:4e:68,Dorm4_13F_A08,0,1140099,411415968
Not Available,2,"(36,40)",0,0,0,38:20:56:84:4c:58,Dorm4_19F_A02,0,1139911,254930528
Not Available,2,"(64,60)",0,0,0,80:e8:6f:d8:30:48,108-7F-06,0,1092080,8553517056
Not Available,2,"(36,40)",0,0,0,38:20:56:84:4e:a8,Dorm4_16F_A05,3,1091961,195579808
Not Available,2,"(149,153)",0,0,0,38:20:56:84:50:a0,Dorm4_10F_A11,0,1090493,1121111424
Not Available,2,"(149,153)",0,0,0,38:20:56:80:26:10,Dorm4_18F_A03,0,1090240,611237568
Not Available,2,"(40,36)",0,0,0,38:20:56:80:27:c8,Dorm4_06F_A15,0,1089990,211392544
Not Available,2,"(149,153)",0,0,0,38:20:56:84:52:c8,Dorm4_12F_A09,2,1089652,1119479040
Not Available,2,"(153,149)",0,0,0,38:20:56:84:53:20,Dorm4_08F_A13,0,1089187,171929376
Not Available,2,"(64,60)",0,0,0,38:20:56:7e:3f:78,Dorm4_07F_A14,0,1088727,1247336064
Not Available,2,"(36,40)",0,0,0,38:20:56:86:0a:20,Dorm4_11F_A10,0,1088370,967384512
Not Available,2,"(36,40)",0,0,0,38:20:56:84:52:80,Dorm4_15F_A06,1,1088359,327325984
Not Available,4,"(149,153)",0,0,2,38:20:56:80:28:d8,Dorm4_03F_A18,4,1085937,242292592
Not Available,2,"(149,153)",0,0,0,38:20:56:80:27:b8,Dorm4_05F_A16,0,1085843,141025248
Not Available,6,"(100,104)",0,3,4,38:20:56:80:27:f8,Human_02F_A02,3,973400,9832985600
Not Available,2,"(100,104)",0,0,0,38:20:56:84:4d:c8,Adv_01F_A08,0,801206,767323392
Not Available,2,"(120,116)",0,0,0,38:20:56:84:52:00,Adv_01F_A03,0,800267,275491328
Not Available,2,"(153,149)",0,0,0,38:20:56:84:50:f8,Cell_B1F_A03,0,791070,1220251008
Not Available,3,"(48,44)",0,0,1,38:20:56:80:27:50,Head_B1F_A04,2,605673,1368401664
Not Available,6,"(36,40)",0,4,3,80:e8:6f:d8:31:b0,Nature_03F-02,4,371423,6871624192
Not Available,27,161,0,2,27,00:6b:f1:95:00:60,Out_AP04,14,2147239,52898873344
Not Available,3,"(108,112)",0,0,1,80:e8:6f:d6:03:98,Eng2_08F-05,1,281187,269773248
Not Available,4,"(161,157)",0,0,2,94:d4:69:fa:07:70,Dorm_MNT_A04,2,257021,5480631296
Not Available,7,"(108,112)",0,0,5,00:f8:2c:28:2d:40,AP00F8.2C28.2D40,2,240400,6397374464
Not Available,2,"(60,64)",0,0,0,80:e8:6f:d8:35:70,112-3F-16,1,224165,1046708
Not Available,2,"(64,60)",0,0,0,94:d4:69:fa:07:08,Dorm_MNT_A05,0,216350,3705526784
Not Available,3,"(161,157)",0,0,1,38:20:56:80:25:78,Eng1_01F_A09,2,211638,924687040
Not Available,8,"(36,40)",0,0,6,38:20:56:84:53:40,Eng1_02F_A06,9,211264,1024198912
Not Available,9,"(149,153)",0,0,7,38:20:56:7e:1e:90,Eng1_01F_A17,6,203341,143080000
Not Available,8,"(100,104)",0,2,6,38:20:56:7e:1e:48,Head_02F_A06,4,203244,5896149504
Not Available,3,"(36,40)",0,0,1,38:20:56:82:46:f0,110-1F-20,3,193572,41230360
Not Available,2,"(36,40)",0,0,0,38:ed:18:c8:58:b0,Food-1F-04,0,193110,797591552
Not Available,2,"(112,108)",0,0,0,38:20:56:80:2e:00,Low_01F_A04,0,192604,1009270592
Not Available,2,"(40,36)",0,0,0,38:20:56:80:2a:68,Dorm_MNT_A03,0,191898,1371001856
Not Available,5,"(108,112)",0,0,3,38:20:56:84:4f:f8,Nature_02F_A05,3,191263,564406336
Not Available,3,"(108,112)",0,0,1,38:20:56:82:45:20,112-1F-08,0,191200,2714045
Not Available,2,"(149,153)",0,0,0,38:20:56:7e:1c:d8,Head_02F_A08,1,191138,2716410880
Not Available,4,"(64,60)",0,0,2,94:d4:69:fa:07:a0,Human_02F_A20,2,191132,10547135488
Not Available,6,"(108,112)",0,0,4,38:20:56:84:4f:80,Head_03F_A03,2,190975,1790901760
Not Available,8,"(36,40)",0,0,6,38:20:56:80:27:80,Eng1_01F_A04,8,190945,403600128
Not Available,4,"(52,56)",0,0,2,38:20:56:80:29:f8,Eng1_01F_A05,1,190822,55402048
Not Available,2,"(108,112)",0,0,0,38:20:56:82:44:a8,110-1F-19,0,190555,3582499
Not Available,6,"(161,157)",0,1,4,38:20:56:84:53:b8,Head_03F_A05,6,190050,2390120192
Not Available,2,"(44,48)",0,0,0,94:d4:69:fa:07:48,Dorm_MNT_A06,0,189837,1863217152
Not Available,5,"(60,64)",0,0,3,38:20:56:80:26:20,Eng1_01F_A21,1,189762,36667124
Not Available,8,"(161,157)",0,0,6,94:d4:69:fa:06:88,Human_02F_A17,3,189622,5344496640
Not Available,4,"(120,116)",0,1,2,38:20:56:80:2e:38,Human_01F_A10,1,189110,1049919232
Not Available,2,"(149,153)",0,1,0,94:d4:69:fa:07:00,Human_02F_A24,0,189020,2688822016
Not Available,4,"(52,56)",0,0,2,38:20:56:7e:1d:48,Human_02F_A05,1,188772,175346608
Not Available,4,"(108,112)",0,0,2,38:20:56:84:53:80,Human_02F_A06,1,188287,368298624
Not Available,6,"(52,56)",0,6,4,94:d4:69:fa:06:18,Eng2_02F_A01,2,187559,607669376
Not Available,5,"(161,157)",0,0,3,38:20:56:80:25:18,Eng1_01F_A22,7,187156,190232368
Not Available,5,"(100,104)",0,0,3,38:20:56:84:51:90,Eng1_01F_A06,3,187140,97580152
Not Available,2,"(64,60)",0,0,0,38:20:56:80:27:88,Eng1_01F_A03,0,187047,238260784
Not Available,7,"(100,104)",0,1,5,94:d4:69:fa:07:38,Eng2_02F_A02,4,186080,1126954240
Not Available,4,"(64,60)",0,0,2,38:20:56:7e:22:08,Human_02F_A10,1,182837,3164706
Not Available,2,"(120,116)",0,0,0,38:20:56:7e:1f:60,Head_02F_A07,0,181408,3933999872
Not Available,4,"(149,153)",0,0,2,38:20:56:84:52:50,Nature_02F_A06,3,180997,1495677952
Not Available,2,"(157,161)",0,0,0,38:ed:18:c8:59:08,110-1F-11,2,180891,13116950
Not Available,9,"(36,40)",0,0,7,38:20:56:80:26:40,Eng1_01F_A01,6,180463,1047506368
Not Available,7,"(112,108)",0,0,5,38:20:56:80:26:70,Info_01F_A05,1,180313,31653304
Not Available,6,"(120,116)",0,0,4,38:20:56:80:27:40,Eng1_01F_A08,3,179716,191771328
Not Available,5,"(149,153)",0,0,3,38:20:56:84:4e:28,Head_04F_A05,6,179492,1042504768
Not Available,9,"(100,104)",0,0,7,38:20:56:84:50:68,Nature_02F_A03,6,179308,1768699648
Not Available,13,"(108,112)",0,0,11,38:20:56:80:25:48,Eng1_01F_A13,3,179269,94633088
Not Available,6,"(52,56)",0,0,4,38:20:56:80:26:58,Eng1_01F_A12,2,178794,76418040
Not Available,7,"(60,64)",0,0,5,38:20:56:7e:1e:08,Eng2_02F_A03,4,178623,1042874112
Not Available,4,"(161,157)",0,0,2,38:20:56:80:2a:10,Eng1_01F_A11,3,178414,79168536
Not Available,4,"(100,104)",0,0,2,38:20:56:80:26:38,Eng1_01F_A14,1,178402,55594396
Not Available,4,"(108,112)",0,0,2,38:20:56:7e:1e:58,Human_01F_A01,1,178083,299202240
Not Available,11,"(120,116)",0,0,9,38:20:56:80:26:48,Eng1_01F_A16,3,178060,250692688
Not Available,3,"(108,112)",0,0,1,80:e8:6f:d8:31:70,Nature_03F-03,1,177943,171686928
Not Available,9,"(149,153)",0,0,7,38:20:56:7e:27:d8,Eng1_02F_A04,4,177744,2346940160
Not Available,0,"(120,116)",0,0,0,80:e8:6f:d8:0a:00,Community-1F-02,0,177208,20381851648
Not Available,5,"(161,157)",0,7,3,38:20:56:80:25:40,Human_01F_A03,5,176980,3258970112
Not Available,6,"(64,60)",0,0,4,38:20:56:7e:1c:90,Human_02F_A03,2,176222,1738862848
Not Available,5,"(100,104)",0,3,3,80:e8:6f:d8:09:e8,Community-1F-01,1,176068,12766337024
Not Available,11,"(64,60)",0,0,9,38:20:56:80:29:e0,Head_02F_A05,5,175510,97061144
Not Available,2,"(64,60)",0,2,0,80:e8:6f:d2:08:80,108-1F-10,0,171490,985162176
Not Available,2,"(60,64)",0,0,0,80:e8:6f:d2:4d:20,112-4F-18,1,169387,203344320
Not Available,12,"(52,56)",0,0,10,38:20:56:84:54:c0,Head_02F_A09,1,169362,490570816
Not Available,7,"(64,60)",0,0,5,38:20:56:84:50:e8,Head_02F_A10,2,169272,481812000
Not Available,4,"(36,40)",0,0,2,38:20:56:84:4c:08,Human_02F_A14,2,169168,7439082
Not Available,3,"(100,104)",0,0,1,38:20:56:80:26:a8,Info_01F_A03,1,168849,4179316224
Not Available,2,"(153,149)",0,1,0,38:20:56:82:4f:a8,Food-1F-02,2,168641,749875072
Not Available,8,"(100,104)",0,0,6,38:20:56:84:54:a8,Head_04F_A06,6,168480,3293883648
Not Available,7,"(157,161)",0,0,5,38:20:56:80:27:38,Info_01F_A06,13,168455,248823872
Not Available,2,"(36,40)",0,0,0,38:20:56:84:4c:60,Human_02F_A19,3,168291,1434727296
Not Available,2,"(112,108)",0,0,0,38:20:56:80:26:c0,Human_02F_A09,0,168258,877676
Not Available,4,"(52,56)",0,0,2,38:20:56:82:4f:78,110-1F-03,2,168140,65635480
Not Available,2,"(120,116)",0,0,0,80:e8:6f:d4:59:58,110-1F-05,0,167976,15732761
Not Available,4,"(64,60)",0,2,2,94:d4:69:fa:05:70,Human_02F_A23,2,167961,3549874944
Not Available,3,"(36,40)",0,0,1,38:20:56:82:44:e0,112-1F-07,2,167878,27982290
Not Available,3,"(44,48)",0,0,1,38:ed:18:c8:36:68,110-1F-15,5,167858,10111732
Not Available,9,"(100,104)",0,0,7,38:20:56:84:53:48,Human_01F_A09,5,167398,280903008
Not Available,4,"(52,56)",0,0,2,38:ed:18:c6:5c:b8,110-1F-10,1,167364,31701050
Not Available,2,"(149,153)",0,0,0,38:20:56:7e:20:38,Human_02F_A08,1,166807,1233847168
Not Available,10,"(149,153)",0,0,8,38:20:56:84:58:28,Info_02F_A05,11,166642,3975632128
Not Available,6,"(161,157)",0,1,4,38:20:56:80:2d:f0,Human_02F_A01,5,166624,3625703424
Not Available,4,"(64,60)",0,0,2,38:ed:18:c8:5f:c8,110-1F-16,1,166494,22615380
Not Available,6,"(64,60)",0,0,4,94:d4:69:fa:06:80,Human_02F_A15,4,166499,9655826
Not Available,4,"(44,48)",0,0,2,38:ed:18:c8:37:e8,112-1F-09,4,166366,59502500
Not Available,6,"(44,48)",0,0,4,38:20:56:80:25:a0,Human_01F_A11,7,166140,3628246784
Not Available,5,"(36,40)",0,0,3,38:20:56:7e:29:10,Human_02F_A07,7,166085,3269219072
Not Available,5,"(52,56)",0,0,3,38:20:56:7e:1c:e8,Human_01F_A12,2,166033,337363488
Not Available,10,"(52,56)",0,5,8,94:d4:69:fa:05:88,Info_01F_A10,7,164914,4189924352
Not Available,4,"(36,40)",0,1,2,38:20:56:86:23:00,Info_03F_A07,6,164415,9681116160
Not Available,6,"(44,48)",0,1,4,94:d4:69:fa:06:20,Eng1_02F_A05,8,164015,1628293888
Not Available,4,"(52,56)",0,0,2,38:20:56:84:4c:68,Human_02F_A13,1,163679,3599630
Not Available,5,"(60,64)",0,1,3,38:20:56:84:52:c0,Info_04F_A05,4,162885,21455134720
Not Available,8,"(149,153)",0,0,6,38:20:56:80:2c:88,Info_03F_A08,8,161860,4515234816
Not Available,12,"(149,153)",0,4,7,38:20:56:84:51:a8,Eng2_02F_A05,9,161416,2808898048
Not Available,7,"(120,116)",0,0,5,38:ed:18:c8:36:c0,112-4F-19,1,159245,4718730
Not Available,5,"(149,153)",0,0,3,80:e8:6f:d6:57:f8,Eng1_10F-07,2,158627,6569572864
Not Available,2,"(120,116)",0,0,0,80:e8:6f:d2:08:08,Food-1F-03,0,158414,1054592384
Not Available,2,"(120,116)",0,0,0,94:d4:69:fa:05:b0,Info_01F_A07,0,158225,161028944
Not Available,3,"(149,153)",0,0,1,80:e8:6f:d0:63:e8,Info_04F_A08,2,158139,3985284
Not Available,2,"(100,104)",0,0,0,38:20:56:82:46:68,Food-1F-01,1,158068,76817720
Not Available,4,"(120,116)",0,5,2,38:20:56:84:52:d0,Human_01F_A08,1,157997,218275168
Not Available,5,"(149,153)",0,0,3,38:ed:18:c6:1e:d8,110-1F-01,4,157779,184438368
Not Available,2,"(52,56)",0,0,0,38:ed:18:c6:21:a0,110-1F-18,1,157759,12793793
Not Available,3,"(153,149)",0,1,1,80:e8:6f:d2:07:b0,112-7F-14,8,157643,314988832
Not Available,3,"(36,40)",0,0,1,38:ed:18:ca:2b:08,110-1F-02,4,157501,28369128
Not Available,5,"(149,153)",0,0,3,38:20:56:80:29:38,Info_01F_A08,4,157228,1813642496
Not Available,3,"(108,112)",0,5,1,94:d4:69:fa:06:68,Human_02F_A22,0,156958,8018112512
Not Available,11,"(52,56)",0,2,9,38:20:56:84:51:e0,Info_02F_A04,6,156872,14361145344
Not Available,4,"(60,64)",0,0,2,38:20:56:84:52:20,Info_01F_A02,2,156713,93998960
Not Available,5,"(36,40)",0,0,3,80:e8:6f:d8:30:c0,Nature_03F-06,2,156586,2462188
Not Available,4,"(52,56)",0,2,2,80:e8:6f:d8:5d:d0,Human_04F-08,1,156551,863681984
Not Available,3,"(52,56)",0,0,1,80:e8:6f:d6:44:c0,108-3F-17,2,156489,899412
Not Available,3,"(36,40)",0,2,1,38:20:56:84:53:38,Info_02F_A02,4,156300,22132738048
Not Available,8,"(52,56)",0,2,6,80:e8:6f:d6:43:38,Eng2_05F-07,4,156199,1693090688
Not Available,6,"(161,157)",0,0,4,94:d4:69:fa:07:d8,Human_03F_A07,5,156132,1331549952
Not Available,3,"(149,153)",0,11,1,80:e8:6f:d8:34:98,110-10F-07,3,156004,3180112384
Not Available,6,"(64,60)",0,0,4,80:e8:6f:d2:0a:b8,110-1F-04,2,155853,5306498
Not Available,4,"(64,60)",0,0,2,80:e8:6f:d2:07:40,112-1F-05,2,155826,133378376
Not Available,5,"(36,40)",0,0,3,38:20:56:80:26:d8,Human_01F_A05,8,155781,2152336640
Not Available,2,"(112,108)",0,0,0,38:20:56:7e:20:20,Head_B1F_A06,1,155755,919484928
Not Available,2,"(157,161)",0,0,0,80:e8:6f:d8:34:c0,108-3F-18,2,155581,18099348
Not Available,7,"(112,108)",0,0,5,38:20:56:84:61:08,Info_02F_A06,5,155522,66721280
Not Available,4,"(56,52)",0,0,2,38:20:56:82:44:88,110-1F-22,1,155478,172093072
Not Available,6,"(120,116)",0,0,4,38:20:56:84:56:90,Nature_02F_A02,4,155365,904455872
Not Available,2,"(149,153)",0,0,0,94:d4:69:fa:06:c8,Low_01F_A02,0,155352,428552768
Not Available,2,"(36,40)",0,1,0,94:d4:69:fa:04:e0,Nature_B1F_A01,0,155281,2235361536
Not Available,2,"(44,48)",0,0,0,80:e8:6f:d2:08:28,112-6F-12,2,155084,721813056
Not Available,6,"(100,104)",0,5,4,38:20:56:7e:1e:e0,Human_01F_A07,3,154979,743623488
Not Available,4,"(52,56)",0,1,2,38:20:56:82:48:00,108-1F-05,1,154867,208869984
Not Available,6,"(149,153)",0,0,4,80:e8:6f:d8:58:c0,Eng1_04F-03,11,154791,374938336
Not Available,3,"(52,56)",0,0,1,80:e8:6f:d6:42:08,110-7F-13,1,154402,2217778688
Not Available,6,"(120,116)",0,2,4,94:d4:69:fa:07:10,Human_02F_A25,2,154339,3423135488
Not Available,3,"(100,104)",0,0,1,38:20:56:84:4e:40,Info_04F_A04,0,154291,299867424
Not Available,4,"(44,48)",0,1,2,80:e8:6f:d8:14:78,Eng2_03F-03,15,154057,1160996480
Not Available,3,"(44,48)",0,0,1,80:e8:6f:d2:08:a0,110-1F-06,7,154046,2607147
Not Available,4,"(60,64)",0,0,2,38:20:56:84:51:c0,Eng2_01F_A01,2,153950,208469456
Not Available,6,"(116,120)",0,3,1,38:20:56:80:25:88,Info_02F_A01,3,153930,17548210176
Not Available,2,"(104,100)",0,0,0,38:ed:18:c8:5a:70,110-10F-11,1,153852,51802036
Not Available,3,"(149,153)",0,2,1,80:e8:6f:d2:08:f8,110-6F-15,2,153757,1871728000
Not Available,5,"(108,112)",0,0,3,38:20:56:80:27:48,Eng2_02F_A04,2,153739,978977600
Not Available,10,"(100,104)",0,0,8,38:20:56:7e:1d:f0,Human_02F_A04,4,153607,540285696
Not Available,5,"(44,48)",0,0,3,80:e8:6f:d8:5b:d0,Eng1_09F-04,4,153385,1238879232
Not Available,10,"(36,40)",0,0,8,38:20:56:7e:1d:40,Nature_02F_A07,9,153253,224755360
Not Available,6,"(112,108)",0,1,4,38:20:56:84:50:90,Info_03F_A09,5,153233,2848874240
Not Available,7,"(108,112)",0,1,5,80:e8:6f:d6:40:f8,Eng2_07F-01,2,153076,4682954240
Not Available,6,"(44,48)",0,1,4,38:20:56:86:10:d8,Eng1_02F_A01,6,153027,1733511424
Not Available,2,"(120,116)",0,0,0,80:e8:6f:d8:5b:c0,110-11F-10,1,152694,1645204608
Not Available,9,"(161,157)",0,0,7,80:e8:6f:d8:3c:08,Human_05F-06,4,152601,325820288
Not Available,3,"(100,104)",0,2,1,38:ed:18:c6:1f:10,110-1F-07,0,152496,167113568
Not Available,7,"(100,104)",0,2,4,80:e8:6f:d6:41:b8,Eng1_08F-03,1,152274,1874086272
Not Available,7,"(149,153)",0,4,5,80:e8:6f:d8:15:d8,Eng1_07F-01,13,152144,1819505280
Not Available,3,"(157,161)",0,0,1,94:d4:69:fa:07:98,Low_04F_A05,1,152064,117064440
Not Available,13,"(44,48)",0,4,6,38:20:56:84:4d:e0,Info_02F_A03,6,151987,24513245184
Not Available,4,"(100,104)",0,0,2,38:20:56:82:44:c8,110-1F-21,1,151947,12384311
Not Available,8,"(64,60)",0,3,6,38:20:56:7e:1d:90,Nature_01F_A01,3,151556,2781389824
Not Available,3,"(64,60)",0,0,1,80:e8:6f:d2:30:08,110-6F-14,2,151550,28130288
Not Available,3,"(100,104)",0,0,1,38:ed:18:c6:21:58,110-1F-17,1,151488,15432531
Not Available,3,"(56,52)",0,5,1,80:e8:6f:d6:0f:30,Human_08F-09,1,151483,2015061248
Not Available,2,"(108,112)",0,0,0,94:d4:69:f4:0a:00,111-2F-AP10,1,151458,207645696
Not Available,6,"(36,40)",0,0,4,38:20:56:84:53:c0,Head_04F_A09,3,151360,227824336
Not Available,7,"(36,40)",0,2,5,80:e8:6f:d8:17:88,Nature_07F-01,6,151316,1534197888
Not Available,2,"(112,108)",0,0,0,38:20:56:82:44:98,110-1F-09,0,151259,15777587
Not Available,3,"(120,116)",0,8,1,38:20:56:7e:1e:50,Human_03F_A06,1,151230,4951317504
Not Available,4,"(44,48)",0,0,2,38:20:56:7e:1e:80,Head_04F_A11,2,150965,334432800
Not Available,4,"(100,104)",0,1,2,80:e8:6f:d8:31:a0,Human_05F-05,1,150867,2780302080
Not Available,2,"(149,153)",0,4,0,38:20:56:7e:1d:f8,Human_03F_A03,1,150855,4018861056
Not Available,5,"(56,52)",0,0,3,80:e8:6f:d6:63:78,Eng2_03F-06,1,150789,126711200
Not Available,2,"(149,153)",0,0,0,80:e8:6f:d8:31:68,Nature_03F-04,1,150706,2497013
Not Available,7,"(52,56)",0,0,5,38:20:56:80:25:10,Human_01F_A06,2,150687,1571252864
Not Available,4,"(100,104)",0,0,2,38:20:56:84:4f:e8,Human_02F_A18,1,150602,5621391360
Not Available,5,"(52,56)",0,2,3,80:e8:6f:d8:17:50,Nature_07F-02,2,150504,4265996800
Not Available,2,"(52,56)",0,2,0,80:e8:6f:d8:2a:80,Human_07F-07,0,150456,531620800
Not Available,3,"(120,116)",0,0,1,38:20:56:82:47:40,112-4F-12,2,150402,1275687936
Not Available,4,"(120,116)",0,1,2,80:e8:6f:d6:41:10,Eng1_10F-03,1,150366,3944637952
Not Available,5,"(64,60)",0,1,3,80:e8:6f:d4:64:f8,110-1F-08,2,150142,9467815
Not Available,4,"(52,56)",0,0,2,38:20:56:80:25:70,Low_01F_A03,0,149872,46641840
Not Available,3,"(100,104)",0,7,0,80:e8:6f:d8:5b:d8,Eng1_10F-05,0,149763,25240760320
Not Available,2,"(36,40)",0,0,0,38:20:56:84:54:a0,Info_01F_A04,1,149764,146541616
Not Available,3,"(52,56)",0,0,1,80:e8:6f:d8:33:58,110-5F-13,1,149715,563705920
Not Available,5,"(161,157)",0,3,1,80:e8:6f:d8:5c:08,112-6F-02,4,149578,1426966400
Not Available,2,"(157,161)",0,0,0,80:e8:6f:d2:08:d0,112-5F-13,4,149559,242162704
Not Available,5,"(157,161)",0,0,3,80:e8:6f:d8:5e:48,Eng2_06F-03,11,149249,670054080
Not Available,4,"(157,161)",0,0,2,80:e8:6f:d8:5c:c8,Eng1_03F-04,6,149188,2903789312
Not Available,3,"(149,153)",0,1,1,80:e8:6f:d6:10:98,112-5F-04,2,148670,100776720
Not Available,8,"(36,40)",0,0,6,38:20:56:80:27:b0,Human_01F_A04,10,148671,93399320
Not Available,2,"(64,60)",0,0,0,80:e8:6f:d6:0f:50,Human_05F-04,0,148601,804608704
Not Available,8,"(100,104)",0,5,5,80:e8:6f:d6:46:d0,Nature_06F-02,3,148447,5404086784
Not Available,4,"(64,60)",0,1,2,80:e8:6f:d8:32:e0,Human_08F-08,1,148264,11379435520
Not Available,6,"(149,153)",0,6,4,80:e8:6f:d6:40:88,Eng1_05F-05,4,148234,16046051328
Not Available,2,"(120,116)",0,2,0,80:e8:6f:d8:15:88,Human_06F-06,2,148138,2144695168
Not Available,9,"(108,112)",0,3,7,38:20:56:7e:1c:e0,Eng1_02F_A03,4,148089,1400134400
Not Available,3,"(104,100)",0,0,1,80:e8:6f:d8:5a:e0,112-6F-05,1,147960,349455040
Not Available,11,"(100,104)",0,1,9,80:e8:6f:d6:40:20,Eng1_05F-01,9,147943,377140032
Not Available,4,"(60,64)",0,1,2,38:20:56:80:29:80,Info_01F_A11,3,147331,1936613248
Not Available,3,"(157,161)",0,0,1,80:e8:6f:d6:62:58,Nature_04F-03,5,147164,136182640
Not Available,3,"(149,153)",0,4,1,94:d4:69:fa:07:d0,Nature_B1F_A02,2,147162,3645022464
Not Available,6,"(108,112)",0,0,4,80:e8:6f:d8:63:90,Eng2_04F-03,5,146838,891458816
Not Available,2,"(153,149)",0,0,0,38:ed:18:ca:2a:b8,112-2F-02,2,146718,52487592
Not Available,3,"(52,56)",0,0,1,80:e8:6f:d6:40:28,112-4F-04,1,146582,18364006
Not Available,6,"(44,48)",0,7,4,80:e8:6f:d6:51:50,eng1_08F-05,5,146556,5135478272
Not Available,7,"(149,153)",0,2,5,80:e8:6f:d6:48:d8,Eng2_05F-05,14,146520,1547622656
Not Available,2,"(104,100)",0,1,0,80:e8:6f:d8:5e:c8,110-9F-02,0,146382,2275908352
Not Available,4,"(44,48)",0,4,2,80:e8:6f:d8:0d:30,Eng1_04F-05,1,146366,3103399680
Not Available,13,"(161,157)",0,5,11,80:e8:6f:d6:48:08,Eng2_03F-02,16,146348,3569217024
Not Available,3,"(60,64)",0,0,1,94:d4:69:fa:03:30,Nature_03F_A07,1,146157,1562279168
Not Available,2,"(64,60)",0,0,0,38:ed:18:c6:5d:58,110-2F-01,0,145948,254968448
Not Available,13,"(60,64)",0,3,11,80:e8:6f:d8:14:80,Eng1_07F-02,4,145950,2311508480
Not Available,2,"(52,56)",0,0,0,80:e8:6f:d8:5b:40,112-6F-04,0,145733,181123200
Not Available,7,"(100,104)",0,2,5,94:d4:69:fa:07:78,Cell_01F_A01,3,145686,882214784
Not Available,2,"(104,100)",0,0,0,80:e8:6f:d8:1a:e8,110-10F-09,1,145438,1275999616
Not Available,2,"(44,48)",0,0,0,38:20:56:7e:1d:18,Head_04F_A07,4,144800,1014697088
Not Available,3,"(64,60)",0,9,0,80:e8:6f:d6:50:78,Eng1_10F-02,0,144667,13396149248
Not Available,7,"(44,48)",0,4,4,38:20:56:84:50:e0,Info_01F_A09,5,144546,6340240896
Not Available,9,"(112,108)",0,9,4,80:e8:6f:d8:34:78,Nature_07F-05,1,144351,10597001216
Not Available,2,"(52,56)",0,3,0,80:e8:6f:d8:33:08,Nature_03F-05,0,144281,559649152
Not Available,4,"(112,108)",0,7,1,94:d4:69:fa:05:00,Human_03F_A02,1,144244,5214944256
Not Available,4,"(52,56)",0,3,2,94:d4:69:fa:06:c0,Human_03F_A08,2,144235,1568340480
Not Available,4,"(116,120)",0,0,2,80:e8:6f:d6:43:e0,Eng2_03F-04,1,144162,198085072
Not Available,7,"(108,112)",0,0,5,80:e8:6f:d6:06:a8,Eng1_06F-01,5,144048,1250373888
Not Available,4,"(48,44)",0,0,2,80:e8:6f:d2:2b:a0,108-2F-02,1,143944,166732448
Not Available,5,"(60,64)",0,1,3,80:e8:6f:d6:48:78,Eng1_08F-01,1,143846,256309152
Not Available,2,"(64,60)",0,12,0,80:e8:6f:d6:40:80,Eng1_05F-03,0,143801,10815726592
Not Available,13,"(108,112)",0,7,8,80:e8:6f:d6:46:f8,Eng2_06F-02,3,143781,4929589760
Not Available,12,"(52,56)",0,1,10,80:e8:6f:d8:59:30,Eng1_10F-01,2,143785,1851857920
Not Available,11,"(52,56)",0,7,3,80:e8:6f:d6:48:a0,Eng1_05F-02,2,143653,1825679232
Not Available,4,"(36,40)",0,5,2,80:e8:6f:d6:49:20,Eng1_09F-03,7,143623,851667008
Not Available,6,"(149,153)",0,1,4,80:e8:6f:d8:30:80,Human_08F-07,8,143618,5092567552
Not Available,4,"(64,60)",0,2,2,38:20:56:7e:1f:88,Human_03F_A05,1,143608,447282080
Not Available,9,"(64,60)",0,6,7,80:e8:6f:d8:18:20,Human_07F-09,1,143372,4829207552
Not Available,11,"(100,104)",0,2,9,80:e8:6f:d8:31:b8,Nature_03F-01,4,143333,1251912192
Not Available,2,"(108,112)",0,4,0,80:e8:6f:d6:47:30,Eng1_09F-06,1,143311,12413114368
Not Available,6,"(153,149)",0,5,4,80:e8:6f:d8:19:f0,Human_06F-07,2,143314,21696870400
Not Available,2,"(36,40)",0,0,0,80:e8:6f:d6:44:a8,108-4F-04,4,143083,9834058752
Not Available,6,"(44,48)",0,7,1,80:e8:6f:d6:50:c8,Eng1_06F-07,0,142971,7867540480
Not Available,2,"(56,52)",0,0,0,dc:ce:c1:30:3a:80,110-6F-16,0,142908,3522522
Not Available,2,"(36,40)",0,3,0,80:e8:6f:d8:34:28,112-4F-02,1,142795,1236128768
Not Available,2,"(100,104)",0,4,0,94:d4:69:fa:02:e8,Low_04F_A01,0,142761,3771193088
Not Available,6,"(100,104)",0,6,4,80:e8:6f:d8:33:f0,Eng2_05F-03,2,142720,4381643264
Not Available,2,"(100,104)",0,0,0,38:20:56:84:52:88,Head_B1F_A07,0,142599,1017330
Not Available,2,"(157,161)",0,0,0,80:e8:6f:d6:02:f0,110-4F-04,1,142434,77654400
Not Available,2,"(64,60)",0,0,0,80:e8:6f:d6:49:10,Eng2_08F-07,0,142314,37323296
Not Available,2,"(36,40)",0,2,0,94:d4:69:fa:06:58,Human_03F_A01,1,142186,907256960
Not Available,2,"(44,48)",0,4,0,80:e8:6f:d6:62:b0,Eng1_07F-03,6,142180,2390532096
Not Available,4,"(104,100)",0,0,2,80:e8:6f:d2:3a:d0,108-3F-21,2,142079,227027264
Not Available,9,"(120,116)",0,4,7,80:e8:6f:d6:50:b0,Eng1_08F-02,3,142049,945190336
Not Available,11,"(44,48)",0,0,9,80:e8:6f:d6:48:b0,Eng2_04F-01,13,141978,901676608
Not Available,4,"(56,52)",0,1,2,80:e8:6f:d6:53:28,Eng2_03F-01,2,141954,207367504
Not Available,2,"(108,112)",0,0,0,80:e8:6f:d8:09:98,Food-2F-03,0,141884,9777955
Not Available,5,"(52,56)",0,0,3,80:e8:6f:d8:18:d8,Nature_04F-01,2,141867,333631520
Not Available,7,"(149,153)",0,0,5,80:e8:6f:d6:49:38,Eng2_08F-03,4,141872,1842393600
Not Available,5,"(149,153)",0,0,3,80:e8:6f:d8:33:a8,112-4F-13,4,141706,16651237
Not Available,7,"(120,116)",0,12,5,80:e8:6f:d6:50:70,Eng1_06F-02,4,141698,6577330176
Not Available,8,"(64,60)",0,0,6,80:e8:6f:d6:50:18,108-4F-14,1,141637,20417448
Not Available,6,"(161,157)",0,0,4,80:e8:6f:d2:08:68,110-2F-02,4,141300,77027448
Not Available,2,"(52,56)",0,3,0,94:d4:69:fa:06:50,Low_04F_A03,0,141252,8203368960
Not Available,2,"(48,44)",0,0,0,80:e8:6f:d6:62:f0,110-5F-02,2,141238,177825984
Not Available,5,"(60,64)",0,10,3,80:e8:6f:d6:52:80,Eng1_06F-05,2,141191,7946533888
Not Available,2,"(36,40)",0,0,0,38:20:56:80:28:b8,Head_03F_A06,2,141146,2820147
Not Available,2,"(108,112)",0,0,0,80:e8:6f:d6:48:c0,110-9F-11,0,141149,251736448
Not Available,4,"(108,112)",0,0,2,80:e8:6f:d8:14:b0,112-5F-14,0,141117,48300792
Not Available,6,"(100,104)",0,0,4,38:20:56:84:50:f0,Head_04F_A12,2,141072,1305301248
Not Available,2,"(161,157)",0,0,0,38:ed:18:c8:5b:f8,110-1F-13,1,141045,218074800
Not Available,2,"(36,40)",0,0,0,38:20:56:7e:1c:80,Low_01F_A01,0,141038,48706632
Not Available,2,"(64,60)",0,0,0,80:e8:6f:d8:26:b8,110-10F-12,0,141038,99346016
Not Available,3,"(157,161)",0,0,1,80:e8:6f:d8:1a:a0,110-7F-12,3,140946,6607623
Not Available,2,"(48,44)",0,0,0,80:e8:6f:d8:5c:d0,110-4F-02,0,140872,125053592
Not Available,3,"(157,161)",0,0,1,80:e8:6f:d8:22:30,108-5F-02,3,140843,10349878
Not Available,2,"(44,48)",0,0,0,80:e8:6f:d6:02:e0,112-5F-02,2,140827,7768226
Not Available,3,"(36,40)",0,0,1,80:e8:6f:d8:1a:98,110-7F-02,2,140773,12142917
Not Available,6,"(36,40)",0,1,3,38:20:56:80:53:70,112-8F-16,4,140739,4077782784
Not Available,10,"(52,56)",0,8,0,80:e8:6f:d6:41:28,Eng1_09F-02,2,140617,6165333504
Not Available,2,"(104,100)",0,1,0,80:e8:6f:d6:42:50,110-11F-13,0,140615,82365752
Not Available,12,"(44,48)",0,0,10,38:20:56:80:2c:70,Info_03F_A01,9,140468,491168928
Not Available,2,"(116,120)",0,0,0,80:e8:6f:d8:64:78,108-3F-16,0,140469,57352968
Not Available,2,"(108,112)",0,0,0,80:e8:6f:d8:30:f8,110-4F-12,0,140455,78713192
Not Available,4,"(100,104)",0,3,2,80:e8:6f:d6:43:b8,Eng2_03F-05,2,140433,3780171008
Not Available,2,"(153,149)",0,0,0,38:ed:18:c8:36:78,Food-2F-05,0,140422,1596762
Not Available,2,"(56,52)",0,0,0,38:ed:18:c6:1e:e8,110-10F-15,1,140366,2352259584
Not Available,2,"(60,64)",0,0,0,94:d4:69:fa:02:d0,Low_03F_A05,0,140318,2840369
Not Available,2,"(149,153)",0,0,0,80:e8:6f:d2:30:20,110-B2F-01,0,140240,164760256
Not Available,2,"(36,40)",0,0,0,80:e8:6f:d6:48:48,110-6F-12,1,140220,60208304
Not Available,5,"(52,56)",0,0,3,38:20:56:80:27:68,Info_01F_A01,2,140196,7549194
Not Available,2,"(153,149)",0,0,0,80:e8:6f:d2:0a:68,110-B1F-02,0,140130,57044076
Not Available,4,"(149,153)",0,0,2,38:20:56:82:4f:f8,110-1F-14,4,140113,2931299
Not Available,4,"(36,40)",0,0,2,80:e8:6f:d2:09:30,108-2F-01,1,140108,41054624
Not Available,5,"(52,56)",0,0,2,80:e8:6f:d8:5d:18,112-8F-04,1,140048,89077880
Not Available,2,"(112,108)",0,3,0,80:e8:6f:d6:0f:08,Human_08F-06,0,140057,4019090944
Not Available,6,"(153,149)",0,0,4,80:e8:6f:d8:5e:b0,Human_04F-02,2,140028,161828480
Not Available,2,"(116,120)",0,0,0,80:e8:6f:d8:0a:10,112-1F-06,0,140002,134096768
Not Available,3,"(48,44)",0,0,1,80:e8:6f:d8:58:98,112-7F-15,4,139986,61952548
Not Available,5,"(52,56)",0,0,3,94:d4:69:fc:3f:e0,111-2F-AP4,2,139964,199235072
Not Available,4,"(36,40)",0,0,2,80:e8:6f:d8:5e:f0,112-8F-02,3,139963,143733088
Not Available,6,"(100,104)",0,0,4,80:e8:6f:d6:44:58,Eng1_09F-07,2,139931,4619692032
Not Available,2,"(161,157)",0,1,0,80:e8:6f:d8:1d:10,110-11F-07,1,139804,620874752
Not Available,5,"(64,60)",0,8,3,38:20:56:80:2d:d8,Head_04F_A14,2,139767,4011171840
Not Available,2,"(149,153)",0,0,0,38:20:56:84:4d:d0,Head_06F_A09,1,139755,77032736
Not Available,10,"(108,112)",0,3,8,80:e8:6f:d8:23:b8,Eng2_05F-06,4,139739,1180552704
Not Available,2,"(153,149)",0,0,0,38:ed:18:ca:2a:e0,108-1F-06,2,139723,36658896
Not Available,4,"(44,48)",0,0,2,80:e8:6f:d2:07:28,108-5F-11,2,139695,12529337
Not Available,2,"(48,44)",0,0,0,80:e8:6f:d8:34:f8,110-6F-01,1,139679,345214176
Not Available,4,"(104,100)",0,0,2,80:e8:6f:d8:15:30,110-8F-12,0,139584,38291276
Not Available,2,"(157,161)",0,0,0,80:e8:6f:d8:58:90,110-9F-04,1,139575,14647144
Not Available,2,"(56,52)",0,0,0,38:ed:18:c6:5b:50,108-2F-05,0,139559,275541376
Not Available,2,"(112,108)",0,0,0,94:d4:69:f4:07:58,111-4F-AP1,0,139420,1876461696
Not Available,4,"(52,56)",0,1,2,80:e8:6f:d6:47:d8,Eng2_06F-05,1,139408,5612756992
Not Available,4,"(36,40)",0,0,2,80:e8:6f:d8:1a:a8,108-3F-19,3,139384,55285356
Not Available,10,"(149,153)",0,0,8,80:e8:6f:d6:61:68,110-5F-04,7,139324,332363264
Not Available,2,"(44,48)",0,0,0,38:20:56:80:2e:08,Low_02F_A05,0,139275,2879553280
Not Available,12,"(36,40)",0,2,10,38:20:56:84:4e:58,Head_02F_A02,3,139235,193798048
Not Available,12,"(100,104)",0,2,10,80:e8:6f:d8:58:70,Eng1_09F-01,9,139218,776588224
Not Available,3,"(52,56)",0,0,1,38:ed:18:c6:1f:38,112-8F-12,2,139219,842163200
Not Available,0,"(120,116)",0,0,0,80:e8:6f:d8:5c:a0,112-5F-15,0,139179,2343563520
Not Available,4,"(104,100)",0,1,2,80:e8:6f:d8:0f:68,110-6F-06,1,139150,388089472
Not Available,2,"(100,104)",0,4,0,80:e8:6f:d8:60:c0,112-7F-17,0,139109,2239086848
Not Available,2,"(36,40)",0,0,0,38:20:56:84:4e:c0,Head_06F_A11,2,139079,36809396
Not Available,2,"(149,153)",0,0,0,80:e8:6f:d8:15:b0,110-6F-04,1,139074,564365568
Not Available,2,"(48,44)",0,1,0,94:d4:69:fa:04:80,Nature_B1F_A03,0,139071,7086964736
Not Available,8,"(52,56)",0,7,6,80:e8:6f:d8:0f:98,Eng1_04F-02,2,139065,1893147136
Not Available,6,"(112,108)",0,8,4,80:e8:6f:d8:30:d0,Human_06F-08,2,139042,668250624
Not Available,6,"(60,64)",0,5,4,80:e8:6f:d6:44:00,Eng2_04F-05,4,138962,3518821632
Not Available,2,"(120,116)",0,0,0,80:e8:6f:d8:1c:10,108-5F-04,0,138956,58575876
Not Available,6,"(100,104)",0,12,4,80:e8:6f:d6:47:60,Eng1_06F-06,2,138970,22768414720
Not Available,3,"(44,48)",0,3,1,80:e8:6f:d8:30:a8,Human_08F-04,3,138948,4819926016
Not Available,2,"(36,40)",0,0,0,94:d4:69:fa:04:d0,Low_03F_A02,0,138889,117841928
Not Available,4,"(161,157)",0,0,2,80:e8:6f:d4:65:b0,Food-2F-01,1,138862,49075528
Not Available,5,"(100,104)",0,0,3,80:e8:6f:d8:17:c0,Human_07F-01,6,138864,345668576
Not Available,3,"(157,161)",0,0,1,38:20:56:80:54:88,112-7F-04,3,138780,17351248
Not Available,2,"(161,157)",0,0,0,80:e8:6f:d8:08:e0,108-2F-04,0,138755,23423140
Not Available,3,"(36,40)",0,0,1,80:e8:6f:d6:57:48,Eng1_05F-04,5,138724,316218944
Not Available,2,"(100,104)",0,0,0,80:e8:6f:d8:5b:c8,112-7F-02,0,138632,13231922
Not Available,4,"(108,112)",0,2,2,80:e8:6f:d8:5b:f8,Eng1_03F-05,2,138557,2230760704
Not Available,1,"(56,52)",0,0,0,80:e8:6f:d8:15:d0,112-5F-03,1,138560,5601646592
Not Available,3,"(64,60)",0,0,1,38:ed:18:c6:1f:c0,108-8F-12,0,138519,5647410176
Not Available,5,"(56,52)",0,0,3,80:e8:6f:d6:47:e8,110-9F-14,2,138496,40161428
Not Available,5,"(149,153)",0,2,3,94:d4:69:fa:02:98,Head_05F_A03,3,138453,1196370688
Not Available,2,"(161,157)",0,1,0,80:e8:6f:d8:23:88,112-6F-07,2,138446,1190782848
Not Available,5,"(100,104)",0,7,3,80:e8:6f:d8:15:28,Human_06F-01,2,138391,5221751296
Not Available,2,"(64,60)",0,2,0,94:d4:69:fa:03:70,Low_02F_A01,0,138263,79765776
Not Available,2,"(36,40)",0,0,0,80:e8:6f:d6:43:20,110-11F-02,1,138247,434223904
Not Available,2,"(36,40)",0,0,0,80:e8:6f:d6:41:a8,112-6F-11,4,138242,92144208
Not Available,4,"(100,104)",0,2,1,38:20:56:80:52:30,112-8F-18,0,138243,1831094016
Not Available,2,"(149,153)",0,1,0,38:20:56:84:54:80,Machine_01F_A01,0,138122,1002431360
Not Available,2,"(56,52)",0,0,0,80:e8:6f:d6:51:c8,110-10F-02,0,138108,560612224
Not Available,3,"(36,40)",0,0,1,80:e8:6f:d6:51:10,108-3F-02,2,138089,546182976
Not Available,4,"(44,48)",0,3,2,38:20:56:7e:1e:c8,Head_03F_A01,2,138066,1518971136
Not Available,2,"(40,36)",0,1,0,38:ed:18:c6:5b:30,110-3F-13,2,138070,2392174080
Not Available,2,"(36,40)",0,1,0,80:e8:6f:d8:14:e0,110-8F-10,0,138058,576046208
Not Available,4,"(108,112)",0,0,2,80:e8:6f:d6:41:78,110-11F-01,1,138052,8880992
Not Available,6,"(44,48)",0,5,4,80:e8:6f:d8:09:f8,110-10F-14,3,137979,3800442368
Not Available,2,"(161,157)",0,0,0,80:e8:6f:d6:49:60,110-11F-04,1,137968,1401619200
Not Available,3,"(157,161)",0,2,1,38:20:56:80:54:28,112-8F-17,3,137966,598062464
Not Available,2,"(56,52)",0,0,0,80:e8:6f:d8:63:d0,110-8F-04,0,137948,53085128
Not Available,3,"(44,48)",0,1,1,94:d4:69:fa:05:f8,Head_05F_A05,1,137923,1126387968
Not Available,2,"(161,157)",0,3,0,80:e8:6f:d6:43:68,110-4F-07,0,137872,1000177088
Not Available,3,"(120,116)",0,0,1,80:e8:6f:d6:03:a0,112-6F-09,0,137842,1977690496
Not Available,3,"(48,44)",0,3,1,38:20:56:84:52:90,Nature_02F_A01,1,137815,1846169856
Not Available,2,"(48,44)",0,0,0,80:e8:6f:d8:1a:00,Human_04F-05,0,137819,1525074560
Not Available,2,"(48,44)",0,0,0,38:20:56:7e:1d:50,Cell_02F_A01,0,137783,75554496
Not Available,2,"(64,60)",0,0,0,38:20:56:80:53:48,112-8F-10,0,137781,317749632
Not Available,4,"(100,104)",0,0,2,80:e8:6f:d8:19:28,Human_04F-06,1,137780,41513560
Not Available,3,"(149,153)",0,0,1,80:e8:6f:d8:5b:90,108-3F-03,3,137763,14462138
Not Available,2,"(116,120)",0,0,0,80:e8:6f:d8:34:80,110-7F-04,0,137757,8672541
Not Available,3,"(36,40)",0,2,1,80:e8:6f:d6:51:d8,Eng1_08F-06,2,137737,850133568
Not Available,11,"(52,56)",0,2,9,80:e8:6f:d8:34:18,Eng2_07F-07,5,137734,2499568384
Not Available,11,"(108,112)",0,2,5,38:20:56:7e:1d:08,Eng1_02F_A02,5,137724,869186624
Not Available,2,"(108,112)",0,2,0,80:e8:6f:d6:50:a8,110-10F-17,0,137701,627537920
Not Available,7,"(56,52)",0,3,5,80:e8:6f:d8:5e:d8,110-9F-03,1,137620,2385367296
Not Available,4,"(108,112)",0,0,2,80:e8:6f:d8:22:b8,112-6F-13,0,137568,76929672
Not Available,5,"(52,56)",0,0,3,80:e8:6f:d6:44:60,Nature_06F-03,1,137537,5020080640
Not Available,2,"(64,60)",0,1,0,94:d4:69:fc:3f:58,111-3F-AP9,3,137519,647133568
Not Available,13,"(52,56)",0,1,11,80:e8:6f:d6:5b:88,Eng2_07F-02,6,137502,1120657664
Not Available,6,"(161,157)",0,0,4,80:e8:6f:d8:31:20,Human_06F-04,2,137498,2940731392
Not Available,7,"(56,52)",0,1,5,80:e8:6f:d8:0e:50,Human_06F-05,3,137484,3294927616
Not Available,7,"(149,153)",0,1,5,80:e8:6f:d8:5d:f0,Eng2_07F-05,6,137429,3284939520
Not Available,2,"(52,56)",0,0,0,80:e8:6f:d6:62:48,110-5F-06,0,137408,1056461952
Not Available,2,"(52,56)",0,4,0,80:e8:6f:d8:18:38,Eng1_07F-04,1,137414,2853944064
Not Available,10,"(100,104)",0,0,9,80:e8:6f:d8:15:78,Nature_07F-03,3,137398,943422016
Not Available,2,"(36,40)",0,0,0,80:e8:6f:d8:32:c8,108-4F-12,1,137380,354096800
Not Available,4,"(108,112)",0,0,2,94:d4:69:fa:03:b0,Head_05F_A06,1,137372,479638816
Not Available,10,"(36,40)",0,0,8,94:d4:69:f4:0a:50,111-3F-AP4,9,137322,467538688
Not Available,2,"(64,60)",0,2,0,38:20:56:86:28:48,Cell_02F_A02,0,137325,684132160
Not Available,5,"(60,64)",0,2,3,80:e8:6f:d8:5b:a0,Eng2_07F-03,1,137208,33448329216
Not Available,8,"(64,60)",0,2,4,80:e8:6f:d8:3c:10,108-4F-02,2,137197,7704226304
Not Available,5,"(120,116)",0,0,3,80:e8:6f:d6:47:20,Nature_06F-01,4,137186,4421579776
Not Available,3,"(36,40)",0,0,1,80:e8:6f:d8:34:58,110-10F-10,3,137168,37751752
Not Available,3,"(56,52)",0,8,1,80:e8:6f:d8:5f:e0,110-11F-03,1,137166,4615908864
Not Available,7,"(120,116)",0,0,5,80:e8:6f:d8:31:30,Human_04F-01,3,137127,75419712
Not Available,4,"(64,60)",0,0,2,80:e8:6f:d8:15:58,Nature_04F-07,4,137122,127305568
Not Available,2,"(64,60)",0,0,0,80:e8:6f:d8:15:90,110-4F-13,0,137007,121933440
Not Available,5,"(161,157)",0,8,3,80:e8:6f:d6:40:e8,Nature_06F-04,2,136987,6113930752
Not Available,2,"(120,116)",0,0,0,80:e8:6f:d8:1a:68,110-5F-12,0,136987,89251616
Not Available,3,"(149,153)",0,0,1,94:d4:69:fc:3d:c0,111-3F-AP1,2,136951,543931392
Not Available,6,"(64,60)",0,0,4,80:e8:6f:d2:07:30,112-1F-02,1,136942,17126140
Not Available,2,"(40,36)",0,1,0,80:e8:6f:d6:41:e0,Nature_05F-02,1,136935,238690560
Not Available,7,"(100,104)",0,3,5,80:e8:6f:d8:5b:b0,Eng1_04F-04,2,136942,3534642432
Not Available,2,"(116,120)",0,0,0,80:e8:6f:d8:2f:e0,110-3F-04,0,136906,20294428
Not Available,5,"(149,153)",0,5,3,80:e8:6f:d6:0f:28,Eng1_08F-04,7,136838,1027229568
Not Available,2,"(64,60)",0,1,0,80:e8:6f:d8:34:a0,110-7F-05,1,136822,1301689472
Not Available,3,"(100,104)",0,0,1,80:e8:6f:d8:33:30,108-8F-09,0,136746,928400896
Not Available,2,"(120,116)",0,2,0,80:e8:6f:d8:58:58,110-10F-04,0,136748,449735264
Not Available,4,"(64,60)",0,3,2,80:e8:6f:d8:23:e0,Human_06F-02,1,136738,758681792
Not Available,11,"(116,120)",0,7,9,80:e8:6f:d8:34:00,Eng2_05F-01,3,136721,970935936
Not Available,6,"(64,60)",0,0,4,80:e8:6f:d2:25:b8,110-1F-12,4,136711,39350292
Not Available,2,"(44,48)",0,1,0,80:e8:6f:d6:47:10,112-5F-07,4,136721,44900324
Not Available,3,"(149,153)",0,0,1,38:ed:18:c8:61:58,110-7F-06,4,136700,586801856
Not Available,2,"(108,112)",0,0,0,80:e8:6f:d8:1a:70,112-3F-09,1,136699,113429832
Not Available,2,"(108,112)",0,0,0,80:e8:6f:d2:08:30,108-B1F-05,0,136674,33144848
Not Available,2,"(149,153)",0,1,0,80:e8:6f:d6:02:c8,110-10F-13,2,136641,1283672704
Not Available,2,"(60,64)",0,0,0,80:e8:6f:d8:18:18,Eng2_03F-07,1,136636,105916432
Not Available,2,"(60,64)",0,0,0,80:e8:6f:d8:16:38,112-5F-20,0,136628,1053747
Not Available,8,"(120,116)",0,2,5,80:e8:6f:d6:40:30,Eng1_05F-06,2,136628,3373905152
Not Available,2,"(36,40)",0,1,0,38:20:56:80:25:60,Low_04F_A02,0,136605,2456155904
Not Available,9,"(64,60)",0,1,7,94:d4:69:fc:3f:60,111-1F-AP6,3,136549,319959104
Not Available,3,"(64,60)",0,1,1,94:d4:69:f4:0e:38,111-3F-AP6,3,136529,1254663168
Not Available,4,"(100,104)",0,0,2,80:e8:6f:d6:41:18,110-3F-12,1,136513,15663866
Not Available,15,"(44,48)",0,0,13,80:e8:6f:d8:16:50,Eng2_05F-04,12,136482,1713033984
Not Available,2,"(104,100)",0,0,0,80:e8:6f:d2:08:60,108-8F-17,0,136432,104732168
Not Available,2,"(44,48)",0,1,0,38:20:56:84:54:c8,Info_04F_A01,0,136425,138626944
Not Available,8,"(36,40)",0,0,6,80:e8:6f:d8:5d:40,112-7F-05,8,136416,988136896
Not Available,4,"(64,60)",0,2,2,80:e8:6f:d8:17:d8,108-3F-01,0,136381,104717200
Not Available,2,"(120,116)",0,2,0,80:e8:6f:d8:1b:98,110-11F-08,1,136359,832601984
Not Available,4,"(36,40)",0,1,0,38:20:56:84:54:f8,Info_03F_A13,4,136344,766594304
Not Available,2,"(116,120)",0,0,0,80:e8:6f:d8:5d:c8,112-7F-19,0,136335,723133184
Not Available,4,"(104,100)",0,1,2,80:e8:6f:d6:48:a8,110-5F-01,1,136328,6394978304
Not Available,4,"(64,60)",0,0,2,80:e8:6f:d2:08:50,112-7F-20,0,136307,36118544
Not Available,4,"(64,60)",0,0,2,94:d4:69:f4:0a:68,111-2F-AP9,2,136436,33954920
Not Available,2,"(64,60)",0,2,0,80:e8:6f:d6:61:00,Nature_06F-07,2,136295,1412787072
Not Available,4,"(108,112)",0,1,2,80:e8:6f:d8:4c:e8,110-11F-05,1,136282,1473578496
Not Available,6,"(104,100)",0,0,4,94:d4:69:fc:65:c8,111-4F-AP7,3,136265,1024876480
Not Available,7,"(112,108)",0,0,5,80:e8:6f:d6:46:e8,Nature_06F-06,1,136252,1805626624
Not Available,2,"(44,48)",0,1,0,38:20:56:7e:1c:f8,Human_03F_A04,2,136244,426553952
Not Available,4,"(104,100)",0,0,2,80:e8:6f:d8:09:c0,112-2F-04,1,136228,22081234
Not Available,2,"(60,64)",0,4,0,38:20:56:7e:1d:88,Nature_02F_A04,2,136189,2616001536
Not Available,8,"(60,64)",0,0,6,38:20:56:80:2c:40,Info_03F_A06,4,136176,119130472
Not Available,2,"(116,120)",0,2,0,94:d4:69:fc:5e:70,111-2F-AP5,1,136144,1835123328
Not Available,4,"(36,40)",0,0,2,80:e8:6f:d8:31:10,Human_08F-03,4,136120,655936320
Not Available,2,"(44,48)",0,0,0,80:e8:6f:d2:0a:30,110-11F-12,0,136109,53789876
Not Available,2,"(48,44)",0,1,0,94:d4:69:fc:40:b0,111-4F-AP5,1,136101,1233237376
Not Available,3,"(120,116)",0,6,1,80:e8:6f:d6:48:b8,110-11F-14,0,136079,971557440
Not Available,2,"(100,104)",0,2,0,80:e8:6f:d6:48:88,Human_08F-01,2,136075,1126890624
Not Available,2,"(149,153)",0,0,0,94:d4:69:fa:07:b8,Cell_01F_A02,0,136069,1265324160
Not Available,6,"(60,64)",0,2,4,80:e8:6f:d8:14:88,Eng2_05F-02,4,136069,307495008
Not Available,2,"(64,60)",0,1,0,80:e8:6f:d8:14:c8,110-3F-02,1,136052,151797264
Not Available,2,"(52,56)",0,0,0,80:e8:6f:d6:40:48,108-4F-06,0,136007,2712382464
Not Available,3,"(149,153)",0,5,1,80:e8:6f:d8:22:28,112-8F-15,6,135988,1493203200
Not Available,2,"(100,104)",0,1,0,80:e8:6f:d6:48:68,108-4F-05,0,135938,721335104
Not Available,2,"(120,116)",0,2,0,80:e8:6f:d6:46:a0,110-6F-02,0,135916,1529366272
Not Available,17,"(52,56)",0,8,6,38:20:56:7e:1e:f0,Head_02F_A01,1,135882,2162504192
Not Available,0,"(64,60)",0,0,0,80:e8:6f:d8:25:20,112-6F-08,0,135860,639071680
Not Available,2,"(60,64)",0,2,0,80:e8:6f:d8:64:a0,112-4F-14,0,135794,6791267328
Not Available,3,"(64,60)",0,3,1,80:e8:6f:d6:63:08,110-6F-03,1,135781,182516768
Not Available,2,"(64,60)",0,0,0,80:e8:6f:d8:18:a0,110-8F-13,0,135768,2226777344
Not Available,4,"(60,64)",0,0,2,38:20:56:84:54:00,Nature_B1F_A06,1,135660,1690795648
Not Available,7,"(120,116)",0,0,5,80:e8:6f:d6:40:b0,Nature_05F-06,3,135607,260767264
Not Available,6,"(161,157)",0,2,4,80:e8:6f:d6:46:a8,Nature_07F-06,3,135610,1413997824
Not Available,4,"(100,104)",0,4,1,80:e8:6f:d8:34:68,112-4F-10,1,135588,2022660992
Not Available,4,"(161,157)",0,11,1,94:d4:69:fa:04:e8,Low_02F_A03,0,135592,13892804608
Not Available,3,"(36,40)",0,2,1,38:20:56:7e:1e:68,Head_04F_A04,0,135521,2180753152
Not Available,8,"(100,104)",0,2,6,80:e8:6f:d8:64:88,Eng2_06F-01,8,135527,7498988544
Not Available,2,"(44,48)",0,0,0,80:e8:6f:d8:59:70,110-7F-10,0,135491,4385225
Not Available,5,"(56,52)",0,0,3,80:e8:6f:d8:34:08,Human_05F-03,2,135497,2185635072
Not Available,2,"(64,60)",0,0,0,80:e8:6f:d8:30:78,110-8F-07,0,135443,931763712
Not Available,3,"(120,116)",0,0,1,80:e8:6f:d8:33:d8,110-8F-02,1,135444,79800616
Not Available,2,"(149,153)",0,0,0,80:e8:6f:d6:46:90,110-9F-12,0,135441,33347132
Not Available,2,"(56,52)",0,0,0,94:d4:69:fa:02:00,Head_05F_A01,1,135420,6074150
Not Available,2,"(161,157)",0,2,0,80:e8:6f:d8:1c:e8,108-8F-14,0,135400,539365312
Not Available,2,"(56,52)",0,0,0,38:20:56:84:51:b8,Head_06F_A12,1,135383,1287014
Not Available,3,"(149,153)",0,0,1,80:e8:6f:d6:42:40,110-7F-03,2,135358,134402912
Not Available,5,"(36,40)",0,5,2,80:e8:6f:d6:42:68,Nature_06F-05,1,135348,2964992512
Not Available,2,"(64,60)",0,6,0,94:d4:69:fc:65:20,111-4F-AP4,0,135236,12370178048
Not Available,2,"(112,108)",0,0,0,80:e8:6f:d2:08:78,108-3F-15,0,135224,126874776
Not Available,3,"(112,108)",0,0,1,38:20:56:84:4e:30,Head_B1F_A03,1,135186,78843936
Not Available,7,"(149,153)",0,3,2,80:e8:6f:d8:09:10,110-4F-14,1,135178,3282364928
Not Available,12,"(157,161)",0,0,10,38:20:56:84:53:78,Info_03F_A12,25,135181,2027717504
Not Available,6,"(104,100)",0,1,4,80:e8:6f:d8:14:40,110-7F-08,1,135137,5570841
Not Available,2,"(149,153)",0,2,0,38:20:56:7e:1d:e0,Low_04F_A04,0,135117,10750810112
Not Available,2,"(108,112)",0,7,0,80:e8:6f:d8:58:b0,Eng1_10F-04,1,135128,12190874624
Not Available,6,"(100,104)",0,0,4,80:e8:6f:d8:35:a0,Nature_05F-04,5,135099,442173504
Not Available,4,"(120,116)",0,4,2,94:d4:69:fc:55:60,111-4F-AP9,1,135033,974748224
Not Available,2,"(64,60)",0,1,0,80:e8:6f:d8:1e:28,112-7F-09,0,135033,1086490368
Not Available,2,"(52,56)",0,0,0,80:e8:6f:d8:2a:88,108-5F-08,1,134965,1205235328
Not Available,4,"(116,120)",0,3,2,80:e8:6f:d6:43:c8,Eng2_06F-04,2,134949,2397266688
Not Available,2,"(56,52)",0,0,0,80:e8:6f:d6:50:d0,110-7F-07,0,134928,28866348
Not Available,4,"(64,60)",0,0,2,80:e8:6f:d8:58:f8,112-8F-05,0,134921,43140776
Not Available,5,"(64,60)",0,0,3,80:e8:6f:d8:58:88,108-3F-20,1,134913,175218912
Not Available,2,"(120,116)",0,0,0,80:e8:6f:d8:16:00,Human_07F-02,3,134918,8065777664
Not Available,4,"(56,52)",0,2,2,80:e8:6f:d8:39:d0,Human_05F-08,2,134903,639906368
Not Available,7,"(100,104)",0,2,5,80:e8:6f:d8:5c:c0,Eng1_03F-02,5,134903,4742747648
Not Available,4,"(48,44)",0,5,2,38:20:56:7e:1d:10,Head_01F_A03,2,134871,1863797376
Not Available,2,"(44,48)",0,0,0,80:e8:6f:d2:09:08,108-3F-22,4,134856,158897920
Not Available,6,"(153,149)",0,8,4,80:e8:6f:d8:1c:f0,Human_05F-01,2,134872,1996636416
Not Available,2,"(48,44)",0,0,0,80:e8:6f:d8:09:d0,Food-2F-06,0,134848,566951
Not Available,2,"(108,112)",0,2,0,80:e8:6f:d8:31:f8,110-4F-16,0,134803,984254272
Not Available,2,"(64,60)",0,1,0,80:e8:6f:d8:5f:40,112-7F-01,0,134791,135517424
Not Available,6,"(112,108)",0,1,4,80:e8:6f:d8:35:50,Human_05F-09,1,134788,6148097024
Not Available,4,"(149,153)",0,1,2,80:e8:6f:d8:32:18,110-5F-08,3,134754,127671552
Not Available,7,"(104,100)",0,0,5,80:e8:6f:d6:40:a0,108-3F-04,1,134750,1477787
Not Available,4,"(60,64)",0,6,2,80:e8:6f:d8:1a:c8,Human_04F-09,0,134756,2494833408
Not Available,14,"(44,48)",0,0,12,80:e8:6f:d8:35:20,Eng2_07F-04,8,134738,250092864
Not Available,8,"(120,116)",0,4,6,94:d4:69:fa:02:b8,Cell_02F_A03,1,134722,1727143680
Not Available,3,"(112,108)",0,3,1,38:20:56:80:55:08,112-8F-14,1,134709,4368712704
Not Available,8,"(36,40)",0,1,6,94:d4:69:fc:3c:e8,111-2F-AP6,6,134699,833898560
Not Available,2,"(149,153)",0,1,0,80:e8:6f:d8:18:78,110-11F-09,0,134686,79573624
Not Available,6,"(52,56)",0,0,4,80:e8:6f:d8:63:50,112-3F-13,1,134671,665150
Not Available,3,"(36,40)",0,4,1,80:e8:6f:d8:0e:58,Human_06F-09,6,134653,4177965824
Not Available,2,"(161,157)",0,0,0,80:e8:6f:d8:0a:30,108-B1F-07,0,134640,281376896
Not Available,4,"(108,112)",0,1,2,80:e8:6f:d8:5d:c0,112-6F-17,1,134584,298040640
Not Available,3,"(64,60)",0,0,1,80:e8:6f:d6:06:70,110-9F-18,1,134554,1111856768
Not Available,2,"(100,104)",0,1,0,80:e8:6f:d8:22:40,112-6F-14,0,134538,1616724992
Not Available,5,"(149,153)",0,1,3,94:d4:69:f4:0e:60,111-2F-AP8,3,134498,26140766
Not Available,4,"(48,44)",0,8,2,38:20:56:7e:1c:60,Head_02F_A03,2,134491,3157047552
Not Available,3,"(44,48)",0,0,1,38:ed:18:c8:59:20,110-10F-05,2,134478,1081378944
Not Available,2,"(108,112)",0,4,0,80:e8:6f:d8:14:70,110-8F-08,0,134425,38202257408
Not Available,3,"(149,153)",0,0,1,80:e8:6f:d6:48:f8,112-6F-06,5,134427,5626799
Not Available,4,"(64,60)",0,2,2,38:20:56:84:4f:c0,Head_06F_A02,0,134380,3220419584
Not Available,4,"(120,116)",0,3,2,80:e8:6f:d8:0e:40,Human_05F-02,3,134385,706389632
Not Available,3,"(48,44)",0,3,1,38:20:56:82:48:90,110-4F-15,0,134346,8653901824
Not Available,11,"(157,161)",0,4,8,38:20:56:80:25:80,Info_01F_A12,20,134339,89138331648
Not Available,4,"(56,52)",0,2,2,80:e8:6f:d8:18:48,108-5F-17,0,134328,866536704
Not Available,2,"(40,36)",0,0,0,80:e8:6f:d6:44:68,110-4F-06,1,134309,290447616
Not Available,2,"(56,52)",0,5,0,80:e8:6f:d6:43:78,110-4F-05,1,134308,664840832
Not Available,9,"(52,56)",0,0,7,38:20:56:84:53:10,Info_03F_A10,4,134313,54886616
Not Available,2,"(120,116)",0,1,0,80:e8:6f:d8:33:e8,110-10F-06,0,134267,938318784
Not Available,10,"(108,112)",0,5,8,80:e8:6f:d6:03:b0,Eng2_06F-07,3,134247,6375440384
Not Available,2,"(108,112)",0,0,0,80:e8:6f:d8:2a:68,112-7F-13,0,134184,50903384
Not Available,2,"(108,112)",0,0,0,80:e8:6f:d8:09:60,110-8F-06,0,134121,7613251
Not Available,4,"(161,157)",0,5,2,38:20:56:7e:1d:00,Head_04F_A01,2,134058,1378878976
Not Available,2,"(100,104)",0,5,0,80:e8:6f:d6:48:60,112-6F-10,0,134055,842098304
Not Available,2,"(116,120)",0,1,0,80:e8:6f:d6:41:b0,112-5F-01,0,134041,4874604032
Not Available,3,"(36,40)",0,0,1,80:e8:6f:d8:16:b8,112-5F-06,3,134038,4162412
Not Available,4,"(36,40)",0,0,2,80:e8:6f:d8:1a:90,Eng1_03F-03,4,134034,363224192
Not Available,6,"(116,120)",0,1,4,38:20:56:86:20:b0,Info_03F_A11,3,134031,3535675392
Not Available,2,"(64,60)",0,0,0,80:e8:6f:d8:33:10,110-5F-03,0,133947,671595136
Not Available,2,"(149,153)",0,0,0,80:e8:6f:d8:33:88,112-4F-11,1,133952,33589028
Not Available,2,"(36,40)",0,2,0,80:e8:6f:d8:34:20,108-3F-09,2,133913,1235901824
Not Available,2,"(100,104)",0,0,0,80:e8:6f:d2:08:70,110-3F-11,1,133893,787616128
Not Available,2,"(100,104)",0,2,0,80:e8:6f:d6:49:08,Eng2_08F-02,4,133881,211935248
Not Available,8,"(161,157)",0,5,6,80:e8:6f:d6:50:90,Eng1_06F-04,5,133843,1704065152
Not Available,2,"(36,40)",0,0,0,94:d4:69:fa:06:b0,Low_B1F_A02,0,133793,96440864
Not Available,2,"(48,44)",0,2,0,80:e8:6f:d8:31:28,Human_06F-03,2,133753,54597584
Not Available,2,"(36,40)",0,0,0,38:ed:18:c8:36:88,Food-2F-02,0,133747,2938924
Not Available,2,"(52,56)",0,0,0,38:ed:18:c6:1e:f0,108-4F-15,1,133749,100089960
Not Available,2,"(36,40)",0,2,0,80:e8:6f:d6:40:18,110-9F-01,0,133733,623825728
Not Available,2,"(149,153)",0,3,0,94:d4:69:fa:07:c8,Low_03F_A01,1,133735,1975194240
Not Available,2,"(112,108)",0,0,0,80:e8:6f:d8:1a:38,108-5F-06,0,133662,433272672
Not Available,3,"(44,48)",0,1,1,80:e8:6f:d8:15:98,110-3F-03,2,133642,234740032
Not Available,2,"(108,112)",0,0,0,80:e8:6f:d6:48:80,110-7F-14,0,133627,2580057
Not Available,4,"(36,40)",0,2,2,38:20:56:82:47:80,112-5F-19,4,133615,1064114624
Not Available,2,"(120,116)",0,0,0,80:e8:6f:d6:40:f0,112-8F-03,1,133638,66410500
Not Available,2,"(157,161)",0,0,0,80:e8:6f:d6:48:30,110-10F-16,4,133547,4705773
Not Available,4,"(120,116)",0,1,2,38:20:56:84:4f:98,Nature_05F_A08(OLD),2,133543,57846416
Not Available,2,"(157,161)",0,1,0,80:e8:6f:d8:15:e8,112-5F-10,6,133501,112878016
Not Available,4,"(108,112)",0,0,2,80:e8:6f:d6:47:08,110-11F-18,1,133472,3351731
Not Available,3,"(108,112)",0,4,1,80:e8:6f:d8:58:c8,Eng1_04F-01,2,133438,5461303296
Not Available,2,"(149,153)",0,0,0,80:e8:6f:d8:37:28,112-3F-07,1,133405,41518212
Not Available,3,"(108,112)",0,0,1,80:e8:6f:d6:49:28,110-9F-15,0,133395,2128008
Not Available,3,"(149,153)",0,7,1,38:20:56:7e:1d:38,Head_02F_A04,0,133360,6024342528
Not Available,3,"(149,153)",0,1,1,80:e8:6f:d8:1b:40,108-5F-14,5,133317,617380352
Not Available,2,"(104,100)",0,2,0,80:e8:6f:d8:23:c8,112-5F-16,0,133265,1647995008
Not Available,2,"(104,100)",0,2,0,80:e8:6f:d8:32:40,108-3F-07,0,133246,4504849920
Not Available,2,"(40,36)",0,6,0,80:e8:6f:d8:35:30,Nature_07F-07,0,133244,2662026496
Not Available,2,"(108,112)",0,0,0,80:e8:6f:d2:08:90,108-4F-13,0,133229,5671851
Not Available,2,"(52,56)",0,8,0,38:20:56:7e:1d:b0,Cell_01F_A03,0,133225,3381987328
Not Available,2,"(112,108)",0,2,0,80:e8:6f:d8:5d:68,112-7F-07,0,133216,623767872
Not Available,4,"(120,116)",0,1,2,38:20:56:84:51:70,Head_06F_A06,1,133167,36222168
Not Available,2,"(40,36)",0,1,0,80:e8:6f:d6:0f:68,108-8F-08,0,133161,2269160704
Not Available,4,"(64,60)",0,0,2,80:e8:6f:d8:17:e8,110-7F-01,1,133152,13767488
Not Available,2,"(161,157)",0,0,0,80:e8:6f:d6:48:98,110-9F-10,0,133149,122294816
Not Available,4,"(108,112)",0,6,2,38:20:56:84:54:e0,Head_03F_A04,1,133112,761742720
Not Available,6,"(64,60)",0,0,4,38:20:56:82:47:c8,110-9F-13,2,133112,4359751
Not Available,2,"(56,52)",0,0,0,80:e8:6f:d6:49:50,110-3F-14,0,133117,6716633
Not Available,7,"(104,100)",0,1,5,38:ed:18:c8:58:e0,110-8F-17,1,133114,1245421440
Not Available,2,"(120,116)",0,0,0,38:20:56:80:54:b0,112-8F-11,1,133115,83623216
Not Available,2,"(112,108)",0,0,0,80:e8:6f:d8:18:68,108-8F-06,0,133103,4202493
Not Available,4,"(108,112)",0,0,2,80:e8:6f:d2:09:38,110-3F-15,0,133102,45830616
Not Available,2,"(48,44)",0,0,0,80:e8:6f:d6:42:c8,110-3F-06,1,133060,1412933632
Not Available,2,"(108,112)",0,0,0,80:e8:6f:d8:22:80,110-8F-03,0,133002,119609232
Not Available,2,"(64,60)",0,0,0,80:e8:6f:d6:03:a8,110-11F-15,1,132996,1639701632
Not Available,9,"(161,157)",0,0,7,80:e8:6f:d8:5d:50,112-4F-15,4,132981,606567808
Not Available,4,"(104,100)",0,0,2,94:d4:69:f4:0a:48,111-3F-AP2,1,132972,7346691
Not Available,6,"(161,157)",0,1,4,94:d4:69:f4:0a:60,111-3F-AP7,3,132952,3230487808
Not Available,2,"(112,108)",0,0,0,38:20:56:82:57:28,108-1F-04,0,132939,11833084
Not Available,2,"(56,52)",0,1,0,80:e8:6f:d8:17:f8,110-6F-05,1,132942,971815296
Not Available,4,"(64,60)",0,0,2,80:e8:6f:d8:15:c0,112-5F-17,0,132930,1816857344
Not Available,2,"(149,153)",0,0,0,38:20:56:7e:1d:b8,Low_02F_A02,1,132924,537338112
Not Available,2,"(104,100)",0,0,0,38:ed:18:c6:1e:e0,108-2F-03,1,132910,1149786
Not Available,2,"(64,60)",0,2,0,80:e8:6f:d6:48:c8,110-9F-05,2,132902,619716800
Not Available,2,"(108,112)",0,0,0,80:e8:6f:d8:0e:18,112-4F-07,1,132891,28675920
Not Available,4,"(64,60)",0,0,2,80:e8:6f:d8:5c:f0,108-3F-23,1,132872,496713696
Not Available,2,"(40,36)",0,0,0,80:e8:6f:d8:18:e0,110-3F-01,1,132872,173570064
Not Available,4,"(104,100)",0,2,1,80:e8:6f:d2:08:98,110-7F-16,1,132837,1295983488
Not Available,2,"(48,44)",0,0,0,80:e8:6f:d8:5b:80,110-3F-08,0,132811,1201455
Not Available,2,"(149,153)",0,0,0,80:e8:6f:d6:40:10,108-8F-05,2,132769,17466810
Not Available,2,"(52,56)",0,1,0,80:e8:6f:d6:07:50,108-3F-05,1,132713,86639248
Not Available,2,"(64,60)",0,0,0,80:e8:6f:d2:2f:90,Food-2F-04,1,132687,6409404
Not Available,2,"(60,64)",0,0,0,80:e8:6f:d6:50:38,112-4F-08,0,132672,25924028
Not Available,3,"(153,149)",0,0,1,38:20:56:80:5f:e0,110-8F-09,2,132640,3295825
Not Available,3,"(161,157)",0,0,1,80:e8:6f:d8:18:b0,110-3F-16,4,132636,1378564
Not Available,2,"(116,120)",0,0,0,38:ed:18:c6:20:00,108-1F-07,0,132591,166415
Not Available,4,"(120,116)",0,0,2,80:e8:6f:d8:33:98,112-4F-03,1,132582,6239667
Not Available,12,"(52,56)",0,0,10,94:d4:69:fa:06:98,Head_B1F_A08,5,132555,45503512
Not Available,5,"(116,120)",0,0,3,38:20:56:80:27:70,Info_03F_A04,4,132513,713689088
Not Available,3,"(60,64)",0,8,1,94:d4:69:fa:04:d8,Low_03F_A04,0,132486,7217403904
Not Available,2,"(56,52)",0,0,0,80:e8:6f:d8:5d:28,108-3F-14,0,132456,9546075
Not Available,2,"(100,104)",0,0,0,80:e8:6f:d8:5f:48,112-3F-05,0,132444,1951704
Not Available,5,"(120,116)",0,6,3,38:20:56:80:27:98,Head_01F_A02,2,132429,8281345536
Not Available,2,"(100,104)",0,0,0,80:e8:6f:d8:1c:08,112-4F-01,1,132403,8381809
Not Available,3,"(120,116)",0,0,1,80:e8:6f:d8:32:30,110-3F-07,0,132396,585456
Not Available,2,"(56,52)",0,0,0,80:e8:6f:d6:48:18,110-4F-09,0,132377,100245624
Not Available,4,"(100,104)",0,1,2,38:20:56:84:51:d8,Info_04F_A09,6,132353,36601972
Not Available,2,"(36,40)",0,0,0,80:e8:6f:d6:5b:a0,112-3F-14,1,132344,1732777
Not Available,4,"(52,56)",0,0,2,80:e8:6f:d8:33:f8,112-3F-02,1,132327,589229
Not Available,2,"(36,40)",0,0,0,38:ed:18:c8:64:b0,112-1F-01,1,132304,1367217
Not Available,2,"(161,157)",0,1,0,80:e8:6f:d8:33:e0,110-6F-10,1,132281,12605602
Not Available,2,"(56,52)",0,0,0,80:e8:6f:d8:59:50,110-11F-06,0,132277,23480304
Not Available,6,"(161,157)",0,0,4,94:d4:69:f4:0b:b0,111-1F-AP2,4,132278,124394688
Not Available,2,"(161,157)",0,0,0,80:e8:6f:d8:5c:90,110-7F-09,0,132259,1212184
Not Available,4,"(112,108)",0,0,2,80:e8:6f:d6:03:90,110-6F-07,0,132248,487086560
Not Available,2,"(52,56)",0,0,0,80:e8:6f:d6:41:c8,112-3F-10,0,132246,1643741
Not Available,2,"(44,48)",0,1,0,38:ed:18:c6:1f:b8,108-B1F-06,0,132239,165817536
Not Available,2,"(64,60)",0,1,0,80:e8:6f:d2:25:70,110-5F-15,0,132228,1309519104
Not Available,3,"(52,56)",0,0,1,80:e8:6f:d8:30:70,108-4F-10,1,132228,2647289
Not Available,2,"(64,60)",0,0,0,80:e8:6f:d6:06:58,108-4F-17,1,132210,500558528
Not Available,4,"(52,56)",0,0,2,94:d4:69:fa:07:e0,Nature_03F_A08,1,132199,2422430
Not Available,3,"(60,64)",0,0,1,80:e8:6f:d8:61:e8,112-3F-12,1,132160,17335632
Not Available,2,"(112,108)",0,0,0,80:e8:6f:d2:07:e8,110-5F-11,0,132160,178870992
Not Available,2,"(108,112)",0,0,0,38:20:56:84:4e:80,Nature_04F_A08(OLD),1,132159,915650816
Not Available,2,"(120,116)",0,1,0,80:e8:6f:d8:31:88,110-9F-09,0,132163,3826464
Not Available,3,"(64,60)",0,0,1,80:e8:6f:d2:30:58,112-2F-01,1,132154,5361847
Not Available,2,"(149,153)",0,0,0,38:20:56:82:47:18,112-B2F-02,0,132140,4141832
Not Available,2,"(149,153)",0,0,0,80:e8:6f:d6:62:60,Nature_04F-06,0,132144,1332661
Not Available,2,"(100,104)",0,0,0,80:e8:6f:d6:06:80,110-4F-01,0,132134,88541848
Not Available,5,"(36,40)",0,1,3,94:d4:69:f4:0e:c8,111-1F-AP5,4,132114,509551808
Not Available,2,"(120,116)",0,1,0,80:e8:6f:d6:42:d0,110-4F-03,0,132116,4898148864
Not Available,2,"(60,64)",0,0,0,80:e8:6f:d8:15:e0,112-5F-08,0,132091,1288359
Not Available,2,"(100,104)",0,0,0,80:e8:6f:d8:1c:f8,108-5F-10,1,132090,67015584
Not Available,6,"(153,149)",0,1,4,80:e8:6f:d8:16:20,Human_07F-05,4,132063,491880480
Not Available,3,"(149,153)",0,1,1,80:e8:6f:d6:06:20,108-4F-01,4,132040,153147168
Not Available,3,"(149,153)",0,3,1,38:20:56:80:53:e8,112-8F-07,8,132033,3055965440
Not Available,2,"(52,56)",0,0,0,80:e8:6f:d6:47:00,108-5F-05,0,131945,957829
Not Available,4,"(108,112)",0,0,2,80:e8:6f:d2:07:d0,112-3F-11,2,131938,3439453
Not Available,4,"(120,116)",0,0,2,80:e8:6f:d6:42:60,Eng2_08F-06,1,131944,16873030
Not Available,2,"(149,153)",0,0,0,80:e8:6f:d8:30:68,112-3F-04,1,131929,3841980
Not Available,8,"(108,112)",0,6,6,80:e8:6f:d6:49:48,Eng2_04F-06,5,131927,16865611776
Not Available,2,"(36,40)",0,0,0,80:e8:6f:d2:30:30,110-B1F-01,0,131918,43525228
Not Available,2,"(36,40)",0,1,0,80:e8:6f:d2:2f:f8,108-B1F-01,0,131878,1870141
Not Available,2,"(149,153)",0,2,0,80:e8:6f:d8:58:78,108-3F-24,3,131875,1942006144
Not Available,5,"(112,108)",0,0,3,38:20:56:84:4e:d8,Human_03F_A09,1,131867,5006429
Not Available,2,"(36,40)",0,1,0,80:e8:6f:d8:31:e8,110-5F-16,1,131857,1701607808
Not Available,2,"(36,40)",0,0,0,80:e8:6f:d6:06:a0,110-9F-08,1,131855,5520386
Not Available,2,"(116,120)",0,1,0,80:e8:6f:d8:36:88,108-4F-03,0,131847,245856416
Not Available,4,"(108,112)",0,0,2,80:e8:6f:d8:30:60,112-3F-03,2,131827,4712209
Not Available,2,"(52,56)",0,0,0,80:e8:6f:d8:1b:00,112-5F-12,0,131800,36086216
Not Available,2,"(157,161)",0,0,0,80:e8:6f:d6:06:78,108-3F-13,3,131791,12700537
Not Available,2,"(36,40)",0,3,0,38:20:56:80:25:b8,Low_02F_A04,0,131781,1646620544
Not Available,5,"(44,48)",0,1,3,80:e8:6f:d8:5b:88,Eng2_04F-07,3,131801,3247933440
Not Available,2,"(56,52)",0,0,0,80:e8:6f:d6:47:f8,110-11F-11,0,131773,26688456
Not Available,8,"(44,48)",0,4,4,80:e8:6f:d8:39:28,Eng2_08F-01,4,131778,79395360
Not Available,2,"(100,104)",0,0,0,38:20:56:80:28:e8,Info_03F_A03,1,131772,54865772
Not Available,2,"(44,48)",0,0,0,94:d4:69:fc:3f:88,111-2F-AP7,3,131764,154144336
Not Available,2,"(52,56)",0,1,0,94:d4:69:fa:4f:80,111-4F-AP2,0,131741,3428161280
Not Available,4,"(149,153)",0,0,2,80:e8:6f:d8:5d:70,108-5F-09,5,131714,59911544
Not Available,2,"(108,112)",0,0,0,80:e8:6f:d2:08:58,112-1F-04,0,131695,972322
Not Available,5,"(108,112)",0,0,3,94:d4:69:fc:5e:88,111-1F-AP9,0,131694,282815520
Not Available,3,"(36,40)",0,3,1,80:e8:6f:d8:63:88,110-6F-08,1,131682,1062923392
Not Available,2,"(36,40)",0,4,0,80:e8:6f:d8:5a:88,Eng1_04F-06,3,131685,5035300864
Not Available,2,"(36,40)",0,0,0,80:e8:6f:d8:1a:e0,110-8F-05,0,131665,780826
Not Available,2,"(149,153)",0,0,0,38:20:56:82:47:68,108-B1F-03,0,131634,7855684
Not Available,2,"(64,60)",0,0,0,80:e8:6f:d8:33:78,110-6F-09,1,131622,897452
Not Available,3,"(36,40)",0,0,1,80:e8:6f:d8:5d:10,Human_04F-03,2,131592,2392641
Not Available,2,"(52,56)",0,0,0,80:e8:6f:d8:34:40,112-4F-09,0,131577,10849607
Not Available,2,"(48,44)",0,0,0,80:e8:6f:d8:58:a8,112-3F-01,0,131572,908802
Not Available,2,"(44,48)",0,0,0,80:e8:6f:d6:41:00,110-9F-16,1,131561,1536082176
Not Available,2,"(52,56)",0,0,0,80:e8:6f:d8:15:18,110-3F-10,0,131541,3325957
Not Available,2,"(157,161)",0,1,0,80:e8:6f:d2:49:18,112-B1F-02,0,131537,28657330
Not Available,3,"(64,60)",0,0,1,38:ed:18:c6:5a:f0,110-4F-11,1,131521,301318624
Not Available,2,"(36,40)",0,1,0,80:e8:6f:d8:5c:b8,108-5F-18,0,131511,691674816
Not Available,2,"(36,40)",0,0,0,38:20:56:84:52:58,Cell_B1F_A01,0,131507,20247178
Not Available,5,"(36,40)",0,2,3,80:e8:6f:d2:08:38,112-8F-09,4,131512,547276800
Not Available,2,"(100,104)",0,0,0,80:e8:6f:d8:5b:28,112-7F-10,1,131495,16143691
Not Available,2,"(44,48)",0,0,0,80:e8:6f:d6:43:98,Nature_04F-05,0,131497,1903028
Not Available,11,"(161,157)",0,4,9,80:e8:6f:d8:15:20,Human_07F-03,9,131482,710072256
Not Available,3,"(64,60)",0,1,1,80:e8:6f:d6:43:d8,108-5F-07,2,131456,629790080
Not Available,4,"(149,153)",0,0,2,38:20:56:86:21:78,Head_B1F_A01,10,131447,31713048
Not Available,2,"(36,40)",0,0,0,38:ed:18:c6:5b:00,110-B2F-02,0,131446,25380434
Not Available,4,"(100,104)",0,0,2,80:e8:6f:d8:33:c0,112-3F-15,0,131438,8493545
Not Available,2,"(120,116)",0,0,0,80:e8:6f:d8:0c:18,112-6F-03,1,131374,2515257
Not Available,3,"(104,100)",0,0,1,80:e8:6f:d8:32:90,110-6F-13,1,131375,1606311
Not Available,3,"(149,153)",0,1,1,80:e8:6f:d6:5d:50,108-4F-16,5,131373,647101056
Not Available,5,"(100,104)",0,0,3,38:20:56:84:53:58,Machine_01F_A02,2,131369,165494496
Not Available,4,"(56,52)",0,5,2,80:e8:6f:d8:33:d0,110-10F-08,2,131339,13504401408
Not Available,2,"(116,120)",0,0,0,94:d4:69:f4:0a:28,111-2F-AP1,2,131287,13248622
Not Available,6,"(149,153)",0,1,4,80:e8:6f:d6:44:b0,112-4F-05,4,131265,901043712
Not Available,3,"(44,48)",0,0,1,80:e8:6f:d2:07:98,Housing_B-1F-02,3,131260,4762782
Not Available,4,"(100,104)",0,0,2,38:20:56:80:26:b0,Nature_05F_A07(OLD),4,131245,93575432
Not Available,5,"(60,64)",0,0,3,38:20:56:80:2c:80,Info_03F_A02,1,131244,20661120
Not Available,2,"(116,120)",0,1,0,94:d4:69:f4:0e:b8,111-1F-AP3,1,131197,736904384
Not Available,2,"(36,40)",0,2,0,80:e8:6f:d6:48:e8,110-7F-15,2,131189,86315816
Not Available,2,"(157,161)",0,0,0,80:e8:6f:d2:09:c8,108-1F-08,1,131153,2929442560
Not Available,2,"(56,52)",0,0,0,94:d4:69:fa:02:d8,Low_B1F_A03,0,131147,10005975
Not Available,6,"(52,56)",0,1,4,94:d4:69:fa:03:58,Head_B1F_A02,3,131151,702345472
Not Available,2,"(157,161)",0,0,0,80:e8:6f:d8:09:48,112-B2F-01,0,131141,37914684
Not Available,6,"(64,60)",0,0,4,80:e8:6f:d8:15:68,Nature_05F-05,2,131116,31654900
Not Available,2,"(52,56)",0,0,0,80:e8:6f:d8:5b:38,112-6F-19,0,131110,671600384
Not Available,4,"(149,153)",0,2,2,94:d4:69:fa:07:20,Nature_07F_A08,3,131105,1668404224
Not Available,5,"(36,40)",0,0,3,38:20:56:80:27:d8,Nature_04F_A07(OLD),5,131080,824517312
Not Available,2,"(116,120)",0,0,0,80:e8:6f:d6:49:00,108-3F-10,0,131078,2680075776
Not Available,3,"(108,112)",0,2,1,94:d4:69:fc:4b:08,111-1F-AP7,1,131083,814462720
Not Available,16,"(120,116)",0,2,14,80:e8:6f:d6:49:30,Eng1_07F-06,2,131093,5310655488
Not Available,2,"(100,104)",0,0,0,80:e8:6f:d8:15:b8,108-5F-12,1,131044,14538500
Not Available,2,"(108,112)",0,0,0,94:d4:69:fc:39:80,111-3F-AP5,0,131039,1004968704
Not Available,13,"(116,120)",0,1,1,80:e8:6f:d8:14:a8,108-3F-25,0,131010,2930986752
Not Available,2,"(104,100)",0,0,0,80:e8:6f:d8:14:a0,112-5F-18,1,131014,34662656
Not Available,2,"(120,116)",0,0,0,80:e8:6f:d8:5b:e0,112-3F-06,0,130995,381204
Not Available,2,"(108,112)",0,0,0,80:e8:6f:d8:22:78,112-5F-09,0,130982,10127061
Not Available,2,"(149,153)",0,0,0,80:e8:6f:d8:5d:60,108-3F-08,4,130973,1220636416
Not Available,2,"(100,104)",0,0,0,38:ed:18:ca:2a:e8,108-B1F-02,0,130968,151548432
Not Available,6,"(161,157)",0,1,3,80:e8:6f:d8:2a:98,112-7F-11,5,130966,245881616
Not Available,4,"(100,104)",0,0,2,94:d4:69:fa:07:58,Cell_02F_A04,1,130947,46797404
Not Available,2,"(120,116)",0,0,0,80:e8:6f:d8:15:50,112-6F-18,1,130923,4812644
Not Available,2,"(60,64)",0,1,0,80:e8:6f:d8:5b:00,112-6F-16,0,130915,1783511552
Not Available,2,"(104,100)",0,2,0,94:d4:69:f4:0c:60,111-1F-AP4,1,130891,229816880
Not Available,4,"(161,157)",0,0,2,94:d4:69:fa:05:90,Head_05F_A07,1,130874,2259453440
Not Available,7,"(161,157)",0,1,5,80:e8:6f:d8:15:a8,Human_07F-04,9,130865,1141169664
Not Available,2,"(157,161)",0,0,0,38:20:56:82:44:a0,108-B2F-02,0,130856,112588
Not Available,2,"(116,120)",0,4,0,80:e8:6f:d8:14:48,112-7F-16,0,130855,2507407872
Not Available,2,"(56,52)",0,0,0,80:e8:6f:d6:02:e8,110-5F-09,0,130820,4613389
Not Available,2,"(64,60)",0,0,0,80:e8:6f:d8:16:d8,108-5F-01,2,130763,75911424
Not Available,2,"(44,48)",0,3,0,80:e8:6f:d8:21:e0,112-5F-11,1,130769,2054086656
Not Available,2,"(36,40)",0,1,0,94:d4:69:f4:0e:d0,111-2F-AP11,0,130746,481850176
Not Available,4,"(64,60)",0,0,2,80:e8:6f:d8:32:a8,108-5F-16,1,130736,218462912
Not Available,3,"(44,48)",0,7,1,80:e8:6f:d8:09:f0,112-2F-03,1,130732,4894291968
Not Available,2,"(48,44)",0,1,0,38:20:56:84:52:10,Cell_B1F_A06,0,130699,1499990
Not Available,2,"(120,116)",0,0,0,80:e8:6f:d6:06:90,110-9F-17,0,130691,458482592
Not Available,4,"(161,157)",0,0,2,94:d4:69:fc:65:e8,111-2F-AP2,3,130680,16549556
Not Available,2,"(108,112)",0,0,0,80:e8:6f:d6:50:e0,110-3F-05,0,130676,177976688
Not Available,2,"(44,48)",0,0,0,38:20:56:82:44:60,108-B2F-01,0,130669,606140
Not Available,2,"(64,60)",0,0,0,80:e8:6f:d6:48:e0,110-5F-05,1,130661,299470496
Not Available,2,"(108,112)",0,1,0,80:e8:6f:d6:06:98,110-9F-06,0,130662,8180026368
Not Available,2,"(153,149)",0,2,0,38:20:56:7e:1e:40,Low_01F_A05,0,130615,972191104
Not Available,5,"(64,60)",0,0,3,80:e8:6f:d8:5d:a8,112-7F-18,0,130602,5768531
Not Available,2,"(48,44)",0,0,0,80:e8:6f:d8:1b:48,108-4F-11,0,130591,66501152
Not Available,4,"(52,56)",0,3,2,80:e8:6f:d6:51:a8,Eng1_08F-07,3,130505,887489600
Not Available,2,"(36,40)",0,1,0,38:20:56:80:53:68,112-7F-03,4,130475,16454508
Not Available,11,"(161,157)",0,0,9,80:e8:6f:d8:5e:e8,Human_04F-04,6,130441,400782240
Not Available,2,"(44,48)",0,0,0,80:e8:6f:d8:14:98,108-5F-03,2,130405,765190080
Not Available,2,"(52,56)",0,0,0,80:e8:6f:d2:08:18,112-1F-03,0,130401,14160477
Not Available,4,"(100,104)",0,0,2,80:e8:6f:d6:42:00,Eng2_07F-06,3,130331,1572708096
Not Available,8,"(36,40)",0,0,6,80:e8:6f:d8:2b:88,112-7F-08,9,130309,115190712
Not Available,2,"(48,44)",0,0,0,38:ed:18:c8:5f:10,112-B1F-01,0,130291,43977280
Not Available,2,"(36,40)",0,0,0,80:e8:6f:d8:34:30,112-3F-08,1,130278,1951400
Not Available,2,"(104,100)",0,1,0,80:e8:6f:d2:08:d8,108-1F-09,0,130262,3889868032
Not Available,5,"(52,56)",0,1,3,38:20:56:80:29:60,Info_03F_A05,3,130269,125986032
Not Available,2,"(44,48)",0,0,0,38:20:56:80:26:b8,Cell_B1F_A05,0,130260,22118100
Not Available,2,"(157,161)",0,1,0,38:20:56:7e:1e:20,Low_B1F_A05,0,130244,1499496320
Not Available,2,"(36,40)",0,0,0,80:e8:6f:d6:44:50,110-11F-17,2,130225,66747184
Not Available,7,"(64,60)",0,0,5,94:d4:69:f4:0a:18,111-1F-AP1,2,130205,472709248
Not Available,2,"(64,60)",0,0,0,80:e8:6f:d6:50:98,108-4F-07,1,130139,320839584
Not Available,2,"(36,40)",0,0,0,94:d4:69:fc:3b:d0,111-4F-AP6,0,130149,628484032
Not Available,2,"(64,60)",0,1,0,80:e8:6f:d8:5d:80,112-6F-01,2,130122,63839764
Not Available,3,"(64,60)",0,0,1,80:e8:6f:d8:5d:48,108-3F-12,0,130083,182403648
Not Available,4,"(52,56)",0,1,2,80:e8:6f:d8:0e:e0,112-4F-16,1,130073,106524336
Not Available,4,"(120,116)",0,0,2,80:e8:6f:d8:30:40,108-5F-15,0,130067,624071040
Not Available,2,"(112,108)",0,0,0,80:e8:6f:d6:5f:58,108-3F-06,1,130036,67417248
Not Available,2,"(112,108)",0,0,0,38:20:56:80:53:50,112-8F-08,0,130021,4182670
Not Available,4,"(52,56)",0,1,2,80:e8:6f:d6:49:58,Eng2_08F-04,2,129949,1086079616
Not Available,4,"(104,100)",0,0,2,80:e8:6f:d8:5e:18,112-4F-17,1,129944,148220736
Not Available,2,"(116,120)",0,0,0,80:e8:6f:d8:32:f8,108-4F-08,0,129939,66514936
Not Available,2,"(56,52)",0,2,0,38:20:56:80:26:60,Cell_B1F_A02,0,129828,18546834
Not Available,2,"(64,60)",0,1,0,80:e8:6f:d2:07:e0,108-B1F-04,0,129771,3206434304
Not Available,2,"(36,40)",0,0,0,80:e8:6f:d2:07:d8,110-5F-14,2,129746,336336864
Not Available,2,"(64,60)",0,0,0,80:e8:6f:d8:5e:e0,112-5F-05,0,129744,1044211
Not Available,2,"(157,161)",0,0,0,80:e8:6f:d8:0b:f8,110-10F-03,2,129724,332159296
Not Available,4,"(52,56)",0,0,2,80:e8:6f:d8:5d:58,112-7F-06,4,129714,69270832
Not Available,3,"(36,40)",0,1,1,80:e8:6f:d6:12:70,110-8F-15,1,129680,572847936
Not Available,6,"(104,100)",0,1,4,80:e8:6f:d8:33:70,110-5F-07,1,129641,335316704
Not Available,2,"(64,60)",0,0,0,38:20:56:82:44:f8,108-1F-03,0,129615,473648576
Not Available,11,"(36,40)",0,1,9,94:d4:69:f4:0a:08,111-3F-AP8,10,129527,395299392
Not Available,2,"(120,116)",0,0,0,80:e8:6f:d8:5c:80,110-8F-14,0,129522,33492332
Not Available,5,"(104,100)",0,5,3,80:e8:6f:d2:09:28,110-8F-16,2,129381,2213415680
Not Available,3,"(56,52)",0,1,1,80:e8:6f:d6:50:68,110-9F-07,1,129333,26087956
Not Available,2,"(120,116)",0,1,0,80:e8:6f:d8:5e:d0,112-8F-06,0,128653,84584672
Not Available,2,"(64,60)",0,3,0,80:e8:6f:d2:08:40,Housing_B-1F-01,0,128604,243927584
Not Available,2,"(120,116)",0,0,0,80:e8:6f:d6:47:40,Nature_07F-04,0,128453,8647999488
Not Available,4,"(108,112)",0,0,2,80:e8:6f:d2:07:f0,110-11F-16,1,128379,53892788
Not Available,4,"(64,60)",0,0,2,80:e8:6f:d8:5b:30,108-5F-13,1,128338,166521808
Not Available,2,"(48,44)",0,0,0,80:e8:6f:d8:30:e8,Human_07F-06,1,128217,66556260
Not Available,4,"(36,40)",0,1,1,80:e8:6f:d8:15:c8,112-6F-15,1,128201,278886560
Not Available,2,"(36,40)",0,1,0,80:e8:6f:d8:32:20,108-3F-26,2,128090,317831008
Not Available,2,"(40,36)",0,1,0,38:20:56:84:51:b0,Cell_02F_A05,0,128087,874414080
Not Available,4,"(100,104)",0,0,2,80:e8:6f:d6:43:e8,112-8F-01,1,128057,5185669
Not Available,2,"(48,44)",0,0,0,94:d4:69:fc:64:c0,111-3F-AP10,0,127399,784582400
Not Available,4,"(112,108)",0,3,2,80:e8:6f:d8:2b:50,Human_07F-08,1,126461,16758463488
Not Available,2,"(36,40)",0,0,0,80:e8:6f:d2:08:a8,108-1F-01,0,125854,3448090368
Not Available,2,"(153,149)",0,8,0,38:20:56:84:4d:f0,Head_04F_A13,0,110709,15979745280
Not Available,3,"(116,120)",0,3,1,38:20:56:80:27:00,Low_03F_A03,0,106239,33202436096
Not Available,2,"(44,48)",0,5,0,80:e8:6f:d8:18:50,Nature_05F-01,2,81068,1111057920
Not Available,2,"(120,116)",0,7,0,80:e8:6f:d8:30:c8,Human_08F-02,0,75933,6119519744
Not Available,4,"(36,40)",0,0,2,80:e8:6f:d8:30:98,Human_08F-05,2,71819,24638180
Not Available,9,"(149,153)",0,0,7,80:e8:6f:d8:17:a0,eng1_06F-03,11,70318,855422336
Not Available,4,"(60,64)",0,1,2,80:e8:6f:d6:02:d8,Eng2_06F-06,1,500962,2095609856
Not Available,19,161,0,1,19,00:6b:f1:f5:52:c0,Out_AP01,21,7341492,8796439552
Not Available,2,"(120,116)",0,1,0,94:d4:69:f4:0c:68,111-3F-AP3,1,250742,178907584
Not Available,4,"(52,56)",0,1,2,80:e8:6f:d8:5d:e0,108-7F-02,2,34777,310689056
Not Available,2,"(157,161)",0,0,0,80:e8:6f:d8:5d:00,108-7F-04,2,33010,540403712
Not Available,4,"(104,100)",0,1,2,80:e8:6f:d6:43:b0,108-7F-17,1,27868,134079152
Not Available,18,"(100,104)",0,5,18,00:6b:f1:95:00:50,Out_AP14,3,6262017,7957732352
Not Available,3,"(36,40)",0,1,1,80:e8:6f:d6:46:98,108-7F-13,2,26575,145312800
Not Available,2,"(153,149)",0,0,0,80:e8:6f:d6:50:c0,108-7F-12,2,26327,3315631
Not Available,3,"(36,40)",0,1,1,80:e8:6f:d8:33:a0,108-7F-18,1,26085,129517376
Not Available,4,"(64,60)",0,4,2,80:e8:6f:d8:5d:b8,108-7F-16,1,24697,281161376
Not Available,4,"(64,60)",0,0,2,80:e8:6f:d8:5d:a0,108-7F-15,2,23886,48678904
Not Available,2,"(120,116)",0,0,0,80:e8:6f:d8:1c:a8,108-7F-14,0,19581,126357
Not Available,14,"(100,104)",0,0,14,00:6b:f1:ac:fb:10,Out_AP15,0,3497559,5364262400
Not Available,3,"(108,112)",0,0,1,80:e8:6f:d8:5f:60,108-7F-05,1,18838,30567308
Not Available,2,"(112,108)",0,0,0,80:e8:6f:d8:5e:c0,108-7F-08,0,18709,71657
Not Available,4,"(161,157)",0,0,2,94:d4:69:fa:03:b8,Head_06F_A05,2,130623,77161288
Not Available,2,"(116,120)",0,0,0,80:e8:6f:d6:49:18,110-5F-10,0,2341227,816468736
Not Available,12,161,0,1,12,00:6b:f1:ac:fe:50,Out_AP11,3,2141581,6490383872
Not Available,0,"(100,104)",0,0,0,94:d4:69:f4:0e:20,111-2F-AP3,0,1274856,374600256
Not Available,2,"(64,60)",0,0,2,80:e8:6f:d6:47:e0,110-4F-10,0,612707,0
