x,y,AP1:RSSI,AP2:RSSI,AP3:RSSI,AP4:RSSI,Capabilities,epochTime
1212,303,Eng2_05F-04:-71,Eng2_02F_A03:-85,Eng2_02F_A04:-73,Eng2_01F_A01:-77,2.4,1575156018
0,0,Eng2_05F-04:-71,Eng2_02F_A04:-78,Eng2_01F_A01:-77,Eng2_06F-04:-65,2.4,1575156020
0,0,Eng2_05F-04:-71,Eng2_02F_A03:-83,Eng2_02F_A04:-78,Eng2_03F-05:-82,2.4,1575156022
0,0,Eng2_05F-04:-71,Eng2_02F_A03:-78,Eng2_02F_A04:-78,Eng2_03F-05:-78,2.4,1575156024
0,0,Eng2_05F-04:-71,Eng2_02F_A03:-78,Eng2_02F_A04:-78,Eng2_03F-05:-78,2.4,1575156026
0,0,Eng2_05F-04:-71,Eng2_02F_A03:-75,Eng2_02F_A04:-78,Eng2_03F-05:-60,2.4,1575156028
1721,303,Eng2_05F-04:-62,Eng2_02F_A03:-75,Eng2_02F_A04:-78,Eng2_03F-05:-60,2.4,1575156030
0,0,Eng2_05F-04:-62,Eng2_02F_A03:-81,Eng2_02F_A04:-78,Eng2_03F-08:-88,2.4,1575156032
0,0,Eng2_05F-04:-62,Eng2_02F_A03:-81,Eng2_02F_A04:-78,Eng2_03F-08:-88,2.4,1575156034
0,0,Eng2_05F-04:-62,Eng2_02F_A03:-81,Eng2_02F_A04:-78,Eng2_03F-08:-82,2.4,1575156036
0,0,Eng2_05F-04:-62,Eng2_02F_A03:-81,Eng2_03F-08:-82,Eng2_03F-05:-84,2.4,1575156038
0,0,Eng2_05F-04:-62,Eng2_02F_A03:-81,Eng2_03F-08:-80,Eng2_03F-05:-84,2.4,1575156040
0,0,Eng2_05F-04:-62,Eng2_02F_A03:-81,Eng2_03F-08:-80,Eng2_03F-05:-84,2.4,1575156042
0,0,Eng2_05F-04:-62,Eng2_02F_A03:-81,Eng2_03F-08:-83,Eng2_06F-07:-77,2.4,1575156044
2245,303,Eng2_05F-04:-62,Eng2_02F_A03:-81,Eng2_03F-08:-83,Eng2_06F-07:-77,2.4,1575156046
0,0,Eng2_05F-04:-62,Eng2_02F_A03:-84,Eng2_03F-08:-81,Eng2_06F-06:-87,2.4,1575156048
0,0,Eng2_05F-04:-62,Eng2_02F_A03:-84,Eng2_03F-08:-81,Eng2_06F-06:-87,2.4,1575156050
0,0,Eng2_05F-04:-62,Eng2_02F_A03:-79,Eng2_03F-08:-89,Eng2_06F-06:-87,2.4,1575156052
0,0,Eng2_05F-04:-62,Eng2_02F_A03:-75,Eng2_03F-08:-89,Eng2_06F-06:-87,2.4,1575156054
0,0,Eng2_05F-04:-62,Eng2_02F_A03:-74,Eng2_03F-08:-87,Eng2_06F-06:-87,2.4,1575156056
0,0,Eng2_05F-04:-62,Eng2_02F_A03:-74,Eng2_03F-08:-87,Eng2_06F-06:-87,2.4,1575156058
1721,303,Eng2_05F-04:-62,Eng2_02F_A03:-74,Eng2_03F-08:-87,Eng2_02F_A05:-89,2.4,1575156060
0,0,Eng2_05F-04:-62,Eng2_02F_A03:-74,Eng2_03F-08:-87,Eng2_02F_A05:-89,2.4,1575156062
0,0,Eng2_05F-04:-62,Eng2_02F_A03:-76,Eng2_03F-08:-87,Eng2_02F_A05:-89,2.4,1575156064
1721,607,Eng2_05F-04:-62,Eng2_02F_A03:-76,Eng2_03F-08:-87,Eng2_02F_A05:-89,2.4,1575156066
0,0,Eng2_05F-04:-62,Eng2_02F_A03:-81,Eng2_02F_A05:-89,Eng2_06F-06:-75,2.4,1575156068
0,0,Eng2_05F-04:-62,Eng2_02F_A03:-81,Eng2_02F_A05:-89,Eng2_06F-06:-75,2.4,1575156070
0,0,Eng2_05F-04:-62,Eng2_02F_A03:-81,Eng2_03F-08:-86,Eng2_02F_A05:-89,2.4,1575156072
0,0,Eng2_05F-04:-62,Eng2_02F_A03:-81,Eng2_03F-08:-86,Eng2_02F_A05:-89,2.4,1575156074
0,0,Eng2_05F-04:-62,Eng2_02F_A03:-81,Eng2_03F-08:-85,Eng2_02F_A05:-89,2.4,1575156076
0,0,Eng2_05F-04:-62,Eng2_02F_A03:-81,Eng2_03F-08:-85,Eng2_02F_A05:-89,2.4,1575156078
0,0,Eng2_05F-04:-62,Eng2_02F_A03:-81,Eng2_03F-08:-85,Eng2_02F_A05:-89,2.4,1575156080
2245,607,Eng2_05F-04:-62,Eng2_02F_A03:-81,Eng2_03F-08:-86,Eng2_02F_A05:-89,2.4,1575156082
0,0,Eng2_04F-06:-50,Eng2_02F_A03:-81,Eng2_03F-08:-86,Eng2_02F_A05:-89,5,1575156084
0,0,Eng2_04F-06:-50,Eng2_02F_A03:-81,Eng2_03F-08:-87,Eng2_02F_A05:-89,5,1575156086
0,0,Eng2_04F-06:-50,Eng2_02F_A03:-81,Eng2_03F-08:-87,Eng2_02F_A05:-89,5,1575156088
0,0,Eng2_04F-06:-50,Eng2_02F_A03:-81,Eng2_03F-08:-87,Eng2_06F-06:-70,5,1575156090
0,0,Eng2_04F-06:-50,Eng2_02F_A03:-81,Eng2_03F-08:-87,Eng2_06F-06:-70,5,1575156092
0,0,Eng2_04F-06:-50,Eng2_03F-08:-87,Eng2_06F-06:-70,Eng2_05F-07:-78,5,1575156094
0,0,Eng2_04F-06:-50,Eng2_03F-08:-87,Eng2_06F-06:-70,Eng2_05F-07:-78,5,1575156096
1721,607,Eng2_04F-06:-50,Eng2_02F_A03:-80,Eng2_03F-08:-87,Eng2_06F-06:-70,5,1575156098
0,0,Eng2_04F-06:-50,Eng2_02F_A03:-74,Eng2_06F-06:-70,Eng2_05F-07:-78,5,1575156100
0,0,Eng2_04F-06:-50,Eng2_02F_A03:-74,Eng2_02F_A04:-86,Eng2_05F-07:-78,5,1575156102
1721,303,Eng2_04F-06:-50,Eng2_02F_A03:-81,Eng2_02F_A04:-86,Eng2_03F-05:-68,5,1575156104
0,0,Eng2_04F-06:-50,Eng2_02F_A03:-81,Eng2_02F_A04:-86,Eng2_03F-05:-75,5,1575156106
0,0,Eng2_04F-06:-50,Eng2_02F_A03:-81,Eng2_02F_A04:-86,Eng2_03F-05:-75,5,1575156108
0,0,Eng2_04F-06:-50,Eng2_02F_A03:-83,Eng2_02F_A04:-78,Eng2_03F-05:-75,5,1575156110
0,0,Eng2_04F-06:-50,Eng2_02F_A03:-83,Eng2_02F_A04:-78,Eng2_03F-05:-75,5,1575156112
0,0,Eng2_04F-06:-50,Eng2_02F_A03:-83,Eng2_02F_A04:-74,Eng2_03F-05:-75,5,1575156114
1212,303,Eng2_04F-06:-50,Eng2_02F_A03:-83,Eng2_02F_A04:-76,Eng2_03F-05:-75,5,1575156116
0,0,Eng2_04F-06:-61,Eng2_02F_A03:-83,Eng2_02F_A04:-80,Eng2_03F-05:-75,5,1575156118
0,0,Eng2_04F-06:-61,Eng2_02F_A03:-83,Eng2_02F_A04:-80,Eng2_03F-04:-70,5,1575156120
0,0,Eng2_04F-06:-61,Eng2_02F_A03:-83,Eng2_02F_A04:-80,Eng2_03F-04:-70,5,1575156122
0,0,Eng2_04F-06:-61,Eng2_02F_A03:-83,Eng2_02F_A04:-80,Eng2_03F-04:-70,5,1575156124
0,0,Eng2_04F-06:-61,Eng2_02F_A03:-83,Eng2_02F_A04:-80,Eng2_03F-04:-79,5,1575156126
0,0,Eng2_04F-06:-61,Eng2_02F_A03:-83,Eng2_02F_A04:-80,Eng2_03F-04:-74,5,1575156128
0,0,Eng2_04F-06:-61,Eng2_03F-04:-80,Eng2_04F-05:-66,Eng2_03F-02:-69,5,1575156130
533,303,Eng2_04F-06:-61,Eng2_03F-04:-80,Eng2_04F-05:-66,Eng2_03F-02:-69,5,1575156132
0,0,Eng2_04F-06:-61,Eng2_03F-04:-80,Eng2_04F-05:-66,Eng2_03F-02:-69,5,1575156134
0,0,Eng2_04F-06:-61,Eng2_03F-04:-80,Eng2_04F-05:-66,Eng2_03F-02:-69,5,1575156136
533,520,Eng2_04F-06:-61,Eng2_03F-04:-80,Eng2_04F-05:-66,Eng2_03F-02:-69,5,1575156138
0,0,Eng2_04F-06:-61,Eng2_03F-04:-80,Eng2_04F-05:-66,Eng2_03F-02:-69,5,1575156140
533,607,Eng2_04F-06:-61,Eng2_03F-04:-85,Eng2_04F-05:-66,Eng2_06F-02:-77,5,1575156142
0,0,Eng2_04F-06:-61,Eng2_03F-04:-85,Eng2_04F-05:-66,Eng2_06F-02:-77,5,1575156144
0,0,Eng2_04F-06:-61,Eng2_03F-05:-83,Eng2_03F-04:-85,Eng2_06F-02:-77,5,1575156146
0,0,Eng2_04F-06:-61,Eng2_03F-05:-83,Eng2_03F-04:-85,Eng2_06F-02:-77,5,1575156148
0,0,Eng2_04F-06:-61,Eng2_03F-05:-83,Eng2_06F-04:-77,Eng2_03F-04:-85,5,1575156150
0,0,Eng2_04F-06:-61,Eng2_03F-05:-83,Eng2_06F-04:-77,Eng2_03F-04:-85,5,1575156152
0,0,Eng2_04F-06:-61,Eng1_01F_A21:-87,Eng2_03F-05:-77,Eng2_06F-04:-77,5,1575156155
0,0,Eng2_04F-06:-61,Eng1_01F_A21:-87,Eng2_03F-05:-77,Eng2_06F-04:-77,5,1575156157
1212,607,Eng2_04F-06:-61,Eng1_01F_A21:-87,Eng2_03F-05:-82,Eng2_06F-04:-77,5,1575156159
1212,607,Eng2_04F-06:-61,Eng1_01F_A21:-87,Eng2_03F-05:-82,Eng2_06F-04:-77,5,1575156161
0,0,Eng2_04F-06:-61,Eng1_01F_A21:-87,Eng2_03F-05:-82,Eng2_06F-04:-77,5,1575156163
0,0,Eng2_04F-06:-61,Eng1_01F_A21:-87,Eng2_03F-05:-82,Eng2_06F-04:-77,5,1575156165
0,0,Eng2_04F-06:-61,Eng1_01F_A21:-87,Eng2_03F-05:-82,Eng2_06F-04:-77,5,1575156167
0,0,Eng2_04F-06:-61,Eng1_01F_A21:-87,Eng2_03F-05:-82,Eng2_06F-04:-77,5,1575156169
0,0,Eng2_04F-06:-61,Eng1_01F_A21:-87,Eng1_09F-02:-77,Eng2_03F-05:-88,5,1575156171
0,0,Eng2_04F-06:-61,Eng1_01F_A21:-87,Eng1_09F-02:-77,Eng2_03F-05:-88,5,1575156173
0,0,Eng2_04F-06:-61,Eng1_09F-02:-77,Eng2_03F-05:-78,Eng2_04F-05:-81,5,1575156175
533,607,Eng2_04F-06:-61,Eng1_09F-02:-77,Eng2_03F-05:-78,Eng2_04F-05:-81,5,1575156177
533,520,Eng2_04F-06:-61,Eng1_09F-02:-77,Eng2_03F-05:-78,Eng2_04F-05:-81,5,1575156179
0,0,Eng2_04F-06:-61,Eng1_09F-02:-77,Eng2_03F-05:-78,Eng2_04F-05:-81,5,1575156181
420,520,Eng2_04F-06:-61,Eng2_03F-05:-78,Eng2_04F-05:-72,108-5F-05:-86,5,1575156183
0,0,Eng2_04F-06:-61,Eng2_03F-05:-78,Eng2_04F-05:-72,108-5F-05:-86,5,1575156185
0,0,Eng2_04F-06:-61,Eng2_03F-05:-78,Eng2_04F-05:-72,108-5F-05:-86,5,1575156187
420,303,Eng2_04F-06:-61,Eng2_03F-05:-78,Eng2_04F-05:-72,108-5F-05:-86,5,1575156189
0,0,Eng2_04F-06:-61,Eng2_03F-05:-78,Eng2_04F-05:-74,108-5F-05:-86,5,1575156191
0,0,Eng2_04F-06:-61,Eng2_03F-05:-78,Eng2_04F-05:-74,108-5F-05:-86,5,1575156193
0,0,Eng2_04F-06:-61,Eng2_03F-05:-78,Eng2_04F-05:-74,108-5F-05:-86,5,1575156195
0,0,Eng2_04F-06:-61,Eng2_03F-05:-78,Eng2_04F-05:-74,108-5F-05:-86,5,1575156197
63,303,Eng2_04F-06:-61,Eng2_03F-05:-78,Eng2_04F-05:-75,108-5F-05:-86,5,1575156199
0,0,Eng2_04F-06:-61,Eng2_03F-05:-78,Eng2_04F-05:-73,108-5F-05:-86,5,1575156201
0,0,Eng2_04F-06:-61,Eng2_03F-04:-87,Eng2_04F-05:-73,108-5F-05:-84,5,1575156203
0,0,Eng2_04F-06:-61,Eng2_03F-04:-87,Eng2_04F-05:-73,108-5F-05:-84,5,1575156205
0,0,Eng2_04F-06:-61,Eng2_03F-04:-87,Eng2_04F-05:-55,108-5F-05:-84,5,1575156207
420,303,Eng2_04F-06:-78,Eng2_03F-04:-87,Eng2_04F-05:-55,108-5F-05:-84,5,1575156209
0,0,Eng2_04F-06:-78,Eng2_03F-04:-87,Eng2_04F-05:-55,108-5F-05:-84,5,1575156211
0,0,Eng2_04F-06:-78,Eng2_03F-04:-87,Eng2_04F-05:-55,108-5F-05:-84,5,1575156213
0,0,Eng2_04F-06:-78,Eng2_03F-04:-87,Eng2_04F-05:-55,108-5F-05:-84,5,1575156215
420,607,Eng2_04F-06:-78,Eng2_03F-04:-87,Eng2_04F-05:-55,108-5F-05:-84,5,1575156217
0,0,Eng2_04F-06:-78,Eng2_03F-04:-87,Eng2_04F-05:-55,108-5F-05:-84,5,1575156219
0,0,Eng2_04F-06:-78,Eng2_03F-04:-87,Eng2_04F-05:-55,108-5F-05:-84,5,1575156221
0,0,Eng2_04F-06:-78,Eng2_03F-04:-87,Eng2_04F-05:-55,108-5F-05:-84,5,1575156223
63,607,Eng2_04F-06:-78,Eng2_03F-04:-87,Eng2_04F-05:-55,108-5F-05:-84,5,1575156225
0,0,Eng2_04F-06:-78,Eng2_03F-04:-87,Eng2_04F-05:-55,108-5F-05:-84,5,1575156227
0,0,Eng2_04F-06:-78,Eng2_03F-04:-87,Eng2_04F-05:-55,108-5F-05:-84,5,1575156229
0,0,Eng2_04F-06:-78,Eng2_03F-04:-87,Eng2_04F-05:-55,108-5F-05:-84,5,1575156231
0,0,Eng2_04F-06:-78,Eng2_03F-04:-87,Eng2_04F-05:-55,108-5F-05:-84,5,1575156233
420,607,Eng2_04F-06:-78,Eng2_03F-04:-87,Eng2_04F-05:-55,108-5F-05:-84,5,1575156235
0,0,Eng2_04F-06:-78,Test-Out-01:-87,Eng2_04F-05:-55,Nature_06F-01:-87,5,1575156237
420,520,Eng2_04F-06:-78,Test-Out-01:-87,Eng2_03F-04:-83,Eng2_04F-05:-73,5,1575156239
533,520,Eng2_04F-06:-78,Test-Out-01:-87,Eng2_03F-04:-83,Eng2_04F-05:-73,5,1575156241
0,0,Eng2_04F-06:-78,Test-Out-01:-87,Eng2_03F-04:-83,Eng2_04F-05:-78,5,1575156243
0,0,Eng2_04F-06:-78,Test-Out-01:-87,Eng2_03F-04:-83,Eng2_04F-05:-78,5,1575156245
533,303,Eng2_04F-06:-78,Test-Out-01:-87,Eng2_03F-04:-83,Eng2_04F-05:-63,5,1575156247
0,0,Eng2_04F-06:-78,Test-Out-01:-87,Eng2_03F-04:-83,Eng2_04F-05:-63,5,1575156249
0,0,Eng2_04F-06:-78,Eng2_03F-04:-73,Eng2_04F-05:-63,Eng2_03F-02:-76,5,1575156251
0,0,Eng2_04F-06:-78,Eng2_03F-04:-73,Eng2_04F-05:-63,Eng2_03F-02:-76,5,1575156253
0,0,Eng2_04F-06:-78,Eng2_02F_A04:-86,Eng2_03F-04:-71,Eng2_04F-05:-65,5,1575156255
0,0,Eng2_04F-06:-78,Eng2_02F_A04:-86,Eng2_03F-04:-71,Eng2_04F-05:-65,5,1575156257
0,0,Eng2_04F-06:-78,Eng2_02F_A04:-74,Eng2_03F-04:-56,Eng2_04F-05:-50,5,1575156259
0,0,Eng2_04F-06:-78,Eng2_02F_A04:-73,Eng2_06F-04:-86,Eng2_03F-04:-62,5,1575156261
1212,303,Eng2_04F-06:-78,Eng2_02F_A04:-78,Eng2_06F-04:-79,Eng2_03F-04:-64,5,1575156263
0,0,Eng2_04F-06:-78,Eng2_02F_A04:-78,Eng2_06F-04:-79,Eng2_03F-04:-64,5,1575156265
0,0,Eng2_04F-06:-78,Eng2_02F_A04:-80,Eng2_06F-04:-82,Eng2_03F-04:-73,5,1575156267
1212,607,Eng2_04F-06:-78,Eng2_02F_A04:-80,Eng2_06F-04:-82,Eng2_03F-04:-73,5,1575156269
0,0,Eng2_04F-06:-78,Eng2_02F_A04:-80,Eng2_06F-04:-82,Eng2_03F-04:-81,5,1575156271
0,0,Eng2_04F-06:-78,Eng2_02F_A04:-80,Eng2_06F-04:-82,Eng2_03F-04:-81,5,1575156273
0,0,Eng2_04F-06:-78,Eng2_02F_A04:-80,Eng2_03F-05:-87,Eng2_06F-04:-82,5,1575156275
0,0,Eng2_04F-06:-78,Eng2_02F_A04:-80,Eng2_03F-05:-87,Eng2_06F-04:-82,5,1575156277
0,0,Eng2_04F-06:-78,Eng2_02F_A04:-80,Eng2_03F-05:-88,Eng2_06F-04:-82,5,1575156279
0,0,Eng2_04F-06:-78,Eng2_02F_A04:-80,Eng2_03F-05:-88,Eng2_06F-04:-82,5,1575156281
0,0,Eng2_04F-06:-78,Eng2_03F-05:-88,Eng2_03F-04:-81,Eng2_03F-02:-84,5,1575156283
0,0,Eng2_04F-06:-78,Eng2_03F-05:-88,Eng2_03F-04:-81,Eng2_03F-02:-84,5,1575156285
533,607,Eng2_04F-06:-78,Eng2_03F-05:-88,Eng2_03F-04:-81,Eng2_03F-02:-75,5,1575156287
0,0,Eng2_04F-06:-78,Eng2_03F-05:-88,Eng2_03F-04:-81,Eng2_03F-02:-75,5,1575156289
0,0,Eng2_04F-06:-78,Eng2_03F-05:-88,Eng2_03F-04:-79,Eng2_04F-05:-70,5,1575156291
0,0,Eng2_04F-06:-78,Eng2_03F-05:-88,Eng2_03F-04:-79,Eng2_04F-05:-70,5,1575156293
533,303,Eng2_04F-06:-78,Eng2_03F-04:-79,Eng2_04F-05:-71,Eng2_03F-02:-75,5,1575156295
0,0,Eng2_04F-06:-78,Eng2_03F-04:-79,Eng2_04F-05:-71,Eng2_03F-02:-75,5,1575156297
0,0,Eng2_04F-06:-79,Eng2_02F_A04:-84,Eng2_03F-04:-72,Eng2_04F-05:-64,5,1575156299
0,0,Eng2_04F-06:-79,Eng2_02F_A04:-84,Eng2_03F-04:-72,Eng2_04F-05:-64,5,1575156301
0,0,Eng2_04F-06:-79,Eng2_02F_A04:-81,Eng2_03F-04:-69,Eng2_04F-05:-69,5,1575156303
0,0,Eng2_04F-06:-79,Eng2_02F_A04:-81,Eng2_03F-04:-61,Eng2_04F-05:-69,5,1575156305
0,0,Eng2_04F-06:-79,Eng2_02F_A04:-81,Eng2_03F-04:-62,Eng2_04F-05:-70,5,1575156307
0,0,Eng2_04F-06:-79,Eng2_02F_A04:-81,Eng2_03F-04:-62,Eng2_04F-05:-70,5,1575156309
1212,303,Eng2_04F-06:-79,Eng2_02F_A04:-81,Eng2_03F-04:-64,Eng2_04F-05:-59,5,1575156311
0,0,Eng2_04F-06:-79,Eng2_02F_A04:-81,Eng2_03F-04:-64,Eng2_04F-05:-59,5,1575156313
0,0,Eng2_04F-06:-79,Eng2_02F_A03:-82,Eng2_02F_A04:-79,Eng2_03F-04:-64,5,1575156315
0,0,Eng2_04F-06:-79,Eng2_02F_A03:-73,Eng2_02F_A04:-79,Eng2_03F-05:-80,5,1575156317
0,0,Eng2_04F-06:-79,Eng2_02F_A03:-77,Eng2_02F_A04:-87,Eng2_03F-05:-80,5,1575156319
0,0,Eng2_04F-06:-79,Eng2_02F_A03:-77,Eng2_02F_A04:-87,Eng2_03F-05:-80,5,1575156321
1721,303,Eng2_04F-06:-79,Eng2_02F_A03:-86,Eng2_02F_A04:-87,Eng2_03F-05:-70,5,1575156323
0,0,Eng2_04F-06:-79,Eng2_02F_A03:-86,Eng2_02F_A04:-87,Eng2_03F-05:-70,5,1575156325
0,0,Eng2_04F-06:-79,Eng2_02F_A03:-86,Eng2_02F_A04:-87,Eng2_03F-05:-84,5,1575156328
0,0,Eng2_04F-06:-79,Eng2_02F_A03:-86,Eng2_02F_A04:-87,Eng2_03F-05:-84,5,1575156330
0,0,Eng2_04F-06:-79,Eng2_02F_A03:-86,Eng2_02F_A04:-87,Eng2_03F-08:-78,5,1575156332
0,0,Eng2_04F-06:-79,Eng2_02F_A03:-86,Eng2_02F_A04:-87,Eng2_03F-08:-78,5,1575156334
0,0,Eng2_04F-06:-79,Eng2_02F_A03:-86,Eng2_02F_A04:-87,Eng2_03F-08:-78,5,1575156336
0,0,Eng2_04F-06:-79,Eng2_02F_A03:-86,Eng2_02F_A04:-87,Eng2_03F-08:-78,5,1575156338
2245,303,Eng2_04F-06:-79,Eng2_02F_A03:-85,Eng2_02F_A04:-87,Eng2_03F-08:-75,5,1575156340
0,0,Eng2_04F-06:-79,Eng2_02F_A03:-85,Eng2_02F_A04:-87,Eng2_03F-08:-75,5,1575156342
0,0,Eng2_04F-06:-79,Eng2_02F_A03:-84,Eng2_02F_A04:-87,Eng2_03F-08:-75,5,1575156344
0,0,Eng2_04F-06:-79,Eng2_02F_A03:-84,Eng2_02F_A04:-87,Eng2_03F-08:-75,5,1575156346
0,0,Eng2_04F-06:-79,Eng2_02F_A03:-76,Eng2_03F-08:-75,Eng2_06F-07:-83,5,1575156348
0,0,Eng2_04F-06:-79,Eng2_02F_A03:-76,Eng2_03F-08:-75,Eng2_06F-07:-83,5,1575156350
0,0,Eng2_04F-06:-79,Eng2_02F_A03:-76,Eng2_03F-08:-75,Eng2_06F-07:-83,5,1575156352
1721,303,Eng2_04F-06:-79,Eng2_02F_A03:-76,Eng2_03F-08:-75,Eng2_03F-05:-68,5,1575156354
0,0,Eng2_04F-06:-79,Eng2_02F_A03:-85,Eng2_03F-08:-75,Eng2_03F-05:-58,5,1575156356
0,0,Eng2_04F-06:-79,Eng2_02F_A03:-85,Eng2_03F-08:-75,Eng2_03F-05:-58,5,1575156358
0,0,Eng2_04F-06:-79,Eng2_02F_A03:-85,Eng2_03F-05:-56,Eng2_03F-04:-76,5,1575156360
1721,607,Eng2_04F-06:-79,Eng2_02F_A03:-85,Eng2_03F-05:-56,Eng2_03F-04:-76,5,1575156362
0,0,Eng2_04F-06:-79,Eng2_02F_A03:-85,Eng2_03F-05:-61,Eng2_03F-04:-76,5,1575156364
0,0,Eng2_04F-06:-79,Eng2_02F_A03:-85,Eng2_03F-05:-61,Eng2_03F-04:-76,5,1575156366
0,0,Eng2_04F-06:-79,Eng2_02F_A03:-85,Eng1_01F_A21:-85,Eng2_03F-05:-68,5,1575156368
0,0,Eng2_04F-06:-79,Eng2_02F_A03:-85,Eng1_01F_A21:-85,Eng2_03F-05:-86,5,1575156370
0,0,Eng2_04F-06:-79,Eng2_02F_A03:-85,Eng1_01F_A21:-85,Eng2_03F-05:-76,5,1575156372
1212,607,Eng2_04F-06:-79,Eng2_02F_A03:-85,Eng1_01F_A21:-85,Eng2_03F-05:-76,5,1575156374
0,0,Eng2_04F-06:-79,Eng1_01F_A21:-85,Eng2_02F_A04:-77,Eng2_03F-05:-76,5,1575156376
0,0,Eng2_04F-06:-79,Eng1_01F_A21:-85,Eng2_02F_A04:-77,Eng2_03F-05:-76,5,1575156378
0,0,Eng2_04F-06:-79,Eng2_02F_A04:-82,Eng2_03F-05:-76,Eng2_06F-04:-77,5,1575156380
1212,303,Eng2_04F-06:-79,Eng2_02F_A04:-82,Eng2_03F-05:-76,Eng2_06F-04:-77,5,1575156382
0,0,Eng2_04F-06:-79,Eng2_02F_A03:-85,Eng2_02F_A04:-76,Eng2_03F-04:-76,5,1575156384
0,0,Eng2_04F-06:-79,Eng2_02F_A03:-85,Eng2_02F_A04:-76,Eng2_03F-04:-76,5,1575156386
0,0,Eng2_04F-06:-82,Eng2_02F_A03:-79,Eng2_02F_A04:-76,Eng2_03F-04:-76,5,1575156388
0,0,Eng2_04F-06:-82,Eng2_02F_A03:-79,Eng2_02F_A04:-76,Eng2_03F-04:-76,5,1575156390
0,0,Eng2_04F-06:-82,Eng2_02F_A03:-80,Eng2_02F_A04:-76,Eng2_03F-08:-87,5,1575156392
0,0,Eng2_04F-06:-82,Eng2_02F_A03:-83,Eng2_02F_A04:-76,Eng2_03F-08:-87,5,1575156394
0,0,Eng2_04F-06:-82,Eng2_02F_A03:-83,Eng2_03F-08:-87,Eng2_06F-06:-86,5,1575156396
0,0,Eng2_04F-06:-82,Eng2_02F_A03:-83,Eng2_03F-08:-87,Eng2_06F-06:-86,5,1575156398
0,0,Eng2_04F-06:-82,Eng2_02F_A03:-88,Eng2_03F-08:-84,Eng2_06F-06:-86,5,1575156400
0,0,Eng2_04F-06:-82,Eng2_02F_A03:-88,Eng2_03F-08:-84,Eng2_06F-06:-86,5,1575156402
0,0,Eng2_04F-06:-82,Eng2_02F_A03:-88,Eng2_03F-08:-75,Eng2_06F-06:-86,5,1575156404
0,0,Eng2_04F-06:-82,Eng2_02F_A03:-88,Eng2_03F-08:-75,Eng2_06F-06:-86,5,1575156406
2245,303,Eng2_04F-06:-82,Eng2_02F_A03:-88,Eng2_03F-08:-71,Eng2_06F-06:-86,5,1575156408
2245,303,Eng2_04F-06:-82,Eng2_02F_A03:-88,Eng2_03F-08:-71,Eng2_06F-06:-86,5,1575156410
0,0,Eng2_04F-06:-82,Eng2_02F_A03:-88,Eng2_03F-08:-85,Eng2_06F-07:-77,5,1575156412
0,0,Eng2_04F-06:-82,Eng2_02F_A03:-88,Eng2_03F-08:-85,Eng2_06F-07:-77,5,1575156414
0,0,Eng2_04F-06:-82,Eng2_02F_A03:-80,Eng2_03F-08:-87,Eng2_05F-07:-84,5,1575156416
0,0,Eng2_04F-06:-82,Eng2_02F_A03:-80,Eng2_03F-08:-87,Eng2_05F-07:-84,5,1575156418
0,0,Eng2_04F-06:-82,Eng2_02F_A03:-83,Eng2_03F-08:-87,Eng2_03F-05:-82,5,1575156420
0,0,Eng2_04F-06:-82,Eng2_02F_A03:-83,Eng2_03F-08:-87,Eng2_03F-05:-82,5,1575156422
0,0,Eng2_04F-06:-82,Eng2_02F_A03:-83,Eng2_02F_A04:-82,Eng2_03F-08:-87,5,1575156424
0,0,Eng2_04F-06:-82,Eng2_02F_A03:-83,Eng2_02F_A04:-82,Eng2_03F-08:-87,5,1575156426
0,0,Eng2_04F-06:-82,Eng2_02F_A03:-83,Eng2_02F_A04:-82,Eng2_03F-05:-85,5,1575156428
0,0,Eng2_04F-06:-82,Eng2_02F_A03:-83,Eng2_02F_A04:-82,Eng2_03F-05:-85,5,1575156430
0,0,Eng2_04F-06:-82,Eng2_02F_A03:-83,Eng2_02F_A04:-74,Eng2_03F-05:-85,5,1575156432
0,0,Eng2_04F-06:-82,Eng2_02F_A03:-83,Eng2_02F_A04:-74,Eng2_03F-05:-85,5,1575156434
0,0,Eng2_04F-06:-82,Eng2_02F_A03:-83,Eng2_02F_A04:-84,Eng2_03F-04:-59,5,1575156436
0,0,Eng2_04F-06:-82,Eng2_02F_A03:-83,Eng2_02F_A04:-84,Eng2_03F-04:-59,5,1575156438
0,0,Eng2_04F-06:-82,Eng2_02F_A04:-84,Eng2_03F-04:-65,Eng2_04F-05:-74,5,1575156440
0,0,Eng2_04F-06:-82,Eng2_02F_A04:-84,Eng2_03F-04:-65,Eng2_04F-05:-74,5,1575156442
0,0,Eng2_04F-06:-82,Eng2_02F_A04:-84,Eng2_03F-04:-78,Eng2_04F-05:-70,5,1575156444
0,0,Eng2_04F-06:-82,Eng2_02F_A04:-84,Eng2_03F-04:-78,Eng2_04F-05:-70,5,1575156446
0,0,Eng2_04F-06:-82,Eng2_02F_A04:-84,Eng2_03F-04:-74,Eng2_04F-05:-70,5,1575156448
0,0,Eng2_04F-06:-82,Eng2_02F_A04:-84,Eng2_03F-04:-74,Eng2_04F-05:-70,5,1575156450
533,303,Eng2_04F-06:-82,Eng2_02F_A04:-84,Eng2_03F-04:-74,Eng2_04F-05:-70,5,1575156452
0,0,Eng2_04F-06:-82,Eng2_02F_A04:-84,Eng2_03F-04:-74,Eng2_04F-05:-70,5,1575156454
0,0,Eng2_04F-06:-82,Eng2_02F_A04:-84,Eng2_03F-04:-74,Eng2_04F-05:-70,5,1575156456
0,0,Eng2_04F-06:-82,Eng2_02F_A04:-84,Eng2_03F-04:-74,Eng2_04F-05:-70,5,1575156458
533,607,Eng2_04F-06:-82,Eng2_02F_A04:-84,Eng2_03F-04:-74,Eng2_04F-05:-70,5,1575156460
0,0,Eng2_04F-06:-82,Eng2_02F_A04:-84,Eng2_03F-04:-74,Eng2_04F-05:-70,5,1575156462
0,0,Eng2_04F-06:-82,Eng2_03F-04:-74,Eng2_04F-05:-70,Eng2_03F-02:-79,5,1575156464
0,0,Eng2_04F-06:-82,Eng2_03F-04:-74,Eng2_04F-05:-70,Eng2_03F-02:-79,5,1575156466
0,0,Eng2_04F-06:-82,Eng1_01F_A21:-83,Eng2_03F-05:-86,Eng2_03F-02:-79,5,1575156468
0,0,Eng2_04F-06:-82,Eng1_01F_A21:-83,Eng2_03F-05:-86,Eng2_03F-02:-79,5,1575156470
0,0,Eng2_04F-06:-82,Eng1_01F_A21:-83,Eng2_03F-05:-86,Eng2_03F-02:-79,5,1575156472
0,0,Eng2_04F-06:-82,Eng1_01F_A21:-83,Eng2_03F-05:-86,Eng2_03F-02:-79,5,1575156474
0,0,Eng2_04F-06:-82,Eng1_01F_A21:-83,Eng2_03F-05:-74,Eng2_03F-02:-79,5,1575156476
0,0,Eng2_04F-06:-84,Eng1_01F_A21:-83,Eng2_03F-05:-74,Eng2_03F-02:-79,5,1575156478
0,0,Eng2_04F-06:-84,Eng1_01F_A21:-83,Eng2_03F-05:-69,Eng2_03F-02:-79,5,1575156480
0,0,Eng2_04F-06:-84,Eng1_01F_A21:-83,Eng2_03F-05:-69,Eng2_04F-05:-83,5,1575156482
0,0,Eng2_04F-06:-84,Eng1_01F_A21:-83,Eng2_03F-05:-70,Eng2_04F-05:-65,5,1575156484
0,0,Eng2_04F-06:-84,Eng1_01F_A21:-83,Eng2_03F-05:-70,Eng2_04F-05:-65,5,1575156486
0,0,Eng2_04F-06:-84,Eng2_02F_A03:-83,Eng1_01F_A21:-83,Eng2_06F-06:-73,5,1575156488
0,0,Eng2_04F-06:-84,Eng2_02F_A03:-83,Eng1_01F_A21:-83,Eng2_06F-06:-73,5,1575156491
0,0,Eng2_04F-06:-84,Eng2_02F_A03:-83,Eng2_03F-08:-87,Eng2_06F-06:-73,5,1575156493
0,0,Eng2_04F-06:-84,Eng2_02F_A03:-83,Eng2_03F-08:-87,Eng2_06F-06:-73,5,1575156495
0,0,Eng2_04F-06:-84,Eng2_02F_A03:-83,Eng2_03F-08:-88,Eng2_06F-06:-69,5,1575156497
0,0,Eng2_04F-06:-84,Eng2_02F_A03:-83,Eng2_03F-08:-88,Eng2_06F-06:-69,5,1575156499
0,0,Eng2_04F-06:-84,Eng2_02F_A03:-83,Eng2_03F-08:-88,Eng2_06F-06:-69,5,1575156501
0,0,Eng2_04F-06:-84,Eng2_02F_A03:-83,Eng2_03F-08:-88,Eng2_06F-06:-69,5,1575156503
2245,607,Eng2_04F-06:-84,Eng2_02F_A03:-83,Eng2_03F-08:-86,Eng2_06F-06:-71,5,1575156505
0,0,Eng2_04F-06:-84,Eng2_02F_A03:-83,Eng2_03F-08:-86,Eng2_06F-06:-71,5,1575156507
0,0,Eng2_04F-06:-84,Eng2_02F_A03:-83,Eng2_03F-08:-86,Eng2_06F-06:-71,5,1575156509
0,0,Eng2_04F-06:-84,Eng2_02F_A03:-83,Eng2_03F-08:-86,Eng2_06F-06:-71,5,1575156511
0,0,Eng2_04F-06:-84,Eng2_02F_A03:-83,Eng2_03F-08:-86,Eng2_06F-06:-73,5,1575156513
0,0,Eng2_04F-06:-84,Eng2_02F_A03:-83,Eng2_03F-08:-86,Eng2_06F-06:-73,5,1575156515
0,0,Eng2_04F-06:-84,Eng2_02F_A03:-81,Eng2_03F-08:-86,Eng2_06F-06:-73,5,1575156517
0,0,Eng2_04F-06:-84,Eng2_02F_A03:-81,Eng2_03F-08:-86,Eng2_06F-06:-73,5,1575156519
0,0,Eng2_04F-06:-84,Eng2_02F_A03:-81,Eng2_03F-08:-86,Eng2_06F-06:-73,5,1575156521
0,0,Eng2_04F-06:-84,Eng2_02F_A03:-81,Eng2_03F-08:-86,Eng2_06F-06:-73,5,1575156523
0,0,Eng2_04F-06:-84,Eng2_02F_A03:-81,Eng2_06F-06:-73,Eng2_05F-07:-90,5,1575156525
0,0,Eng2_04F-06:-84,Eng2_02F_A03:-81,Eng2_06F-06:-73,Eng2_05F-07:-90,5,1575156527
0,0,Eng2_04F-06:-84,Eng2_02F_A03:-81,Eng1_01F_A21:-85,Eng2_03F-05:-75,5,1575156529
1212,607,Eng2_04F-06:-84,Eng2_02F_A03:-81,Eng1_01F_A21:-85,Eng2_03F-05:-75,5,1575156531
0,0,Eng2_04F-06:-84,Eng2_02F_A03:-81,Eng1_01F_A21:-85,Eng2_02F_A04:-75,5,1575156533
0,0,Eng2_04F-06:-84,Eng1_01F_A21:-85,Eng2_02F_A04:-75,Eng2_03F-05:-75,5,1575156535
0,0,Eng2_04F-06:-84,Eng1_01F_A21:-85,Eng2_02F_A04:-79,Eng2_03F-05:-75,5,1575156537
1212,303,Eng2_04F-06:-84,Eng1_01F_A21:-85,Eng2_02F_A04:-79,Eng2_03F-04:-54,5,1575156539
0,0,Eng2_04F-06:-84,Eng2_02F_A04:-79,Eng2_03F-04:-77,Eng2_04F-05:-87,5,1575156541
0,0,Eng2_04F-06:-84,Eng2_02F_A04:-79,Eng2_03F-04:-77,Eng2_04F-05:-87,5,1575156543
0,0,Eng2_04F-06:-84,Eng2_02F_A04:-79,Eng2_03F-04:-77,Eng2_04F-05:-70,5,1575156545
0,0,Eng2_04F-06:-84,Eng2_02F_A04:-79,Eng2_03F-04:-77,Eng2_04F-05:-70,5,1575156547
0,0,Eng2_04F-06:-84,Eng2_02F_A04:-79,Eng2_03F-04:-76,Eng2_04F-05:-70,5,1575156549
0,0,Eng2_04F-06:-84,Eng2_02F_A04:-79,Eng2_03F-04:-76,Eng2_04F-05:-70,5,1575156551
0,0,Eng2_04F-06:-84,Eng2_03F-04:-77,Eng2_04F-05:-71,Eng2_03F-02:-74,5,1575156553
533,303,Eng2_04F-06:-84,Eng2_03F-04:-77,Eng2_04F-05:-71,Eng2_03F-02:-74,5,1575156555
0,0,Eng2_04F-06:-84,Eng2_03F-04:-86,Eng2_04F-05:-71,Eng2_03F-02:-69,5,1575156557
0,0,Eng2_04F-06:-84,Eng2_03F-04:-86,Eng2_04F-05:-71,Eng2_03F-02:-69,5,1575156559
533,520,Eng2_04F-06:-84,Eng2_03F-04:-86,Eng2_04F-05:-71,Eng2_03F-02:-69,5,1575156561
420,520,Eng2_04F-06:-84,Eng2_03F-04:-86,Eng2_04F-05:-71,Eng2_03F-02:-69,5,1575156563
0,0,Eng2_04F-06:-84,Eng2_03F-05:-89,Eng2_03F-04:-86,Eng2_04F-05:-71,5,1575156565
420,607,Eng2_04F-06:-84,Eng2_03F-05:-89,Eng2_03F-04:-86,Eng2_04F-05:-71,5,1575156567
0,0,Eng2_04F-06:0,Eng2_03F-05:-89,Eng2_03F-04:-86,Eng2_04F-05:-71,5,1575156569
0,0,Eng2_04F-06:0,Eng2_03F-05:-89,Eng2_03F-04:-86,Eng2_04F-05:-71,5,1575156571
0,0,Eng2_04F-06:0,Eng2_03F-05:-89,Eng2_03F-04:-86,Eng2_04F-05:-71,5,1575156573
0,0,Eng2_04F-06:0,Eng2_03F-05:-89,Eng2_03F-04:-86,Eng2_04F-05:-71,5,1575156575
63,607,Eng2_04F-06:0,Eng2_03F-05:-89,Eng2_03F-04:-86,Eng2_04F-05:-71,5,1575156577
0,0,Eng2_04F-06:0,Eng2_03F-05:-89,Eng2_03F-04:-86,Eng2_04F-05:-71,5,1575156579
0,0,Eng2_04F-06:0,Eng2_03F-05:-89,Eng2_03F-04:-86,Eng2_04F-05:-71,5,1575156581
0,0,Eng2_04F-06:0,Eng2_03F-05:-89,Eng2_03F-04:-86,Eng2_04F-05:-71,5,1575156583
0,0,Eng2_04F-06:0,Eng2_03F-05:-89,Eng2_03F-04:-86,Eng2_04F-05:-71,5,1575156585
0,0,Eng2_04F-06:0,Eng2_03F-05:-89,Eng2_03F-04:-86,Eng2_04F-05:-71,5,1575156587
420,607,Eng2_04F-06:0,Eng2_03F-05:-89,Eng2_03F-04:-86,Eng2_04F-05:-71,5,1575156589
0,0,Eng2_04F-06:0,Eng2_03F-05:-89,Eng2_03F-04:-86,Eng2_04F-05:-71,5,1575156591
0,0,Eng2_04F-06:0,Eng2_03F-05:-89,Eng2_03F-04:-86,Eng2_04F-05:-86,5,1575156593
0,0,Eng2_04F-06:0,Eng2_03F-05:-89,Eng2_03F-04:-86,Eng2_04F-05:-86,5,1575156595
420,303,Eng2_04F-06:0,Eng2_03F-05:-89,Eng2_04F-05:-86,Eng2_03F-02:-72,5,1575156597
0,0,Eng2_04F-06:0,Eng2_03F-05:-89,Eng2_04F-05:-86,Eng2_03F-02:-72,5,1575156599
0,0,Eng2_04F-06:0,Out_AP13:-89,Eng2_04F-05:-86,Eng2_03F-02:-72,5,1575156601
0,0,Eng2_04F-06:0,Out_AP13:-89,Eng2_04F-05:-86,Eng2_03F-02:-72,5,1575156603
0,0,Eng2_04F-06:0,Out_AP13:-89,Eng2_04F-05:-77,Eng2_03F-02:-72,5,1575156605
63,303,Eng2_04F-06:0,Out_AP13:-89,Eng2_04F-05:-77,Eng2_03F-02:-72,5,1575156607
0,0,Eng2_04F-06:0,Out_AP13:-89,Eng2_04F-05:-77,Eng2_03F-02:-76,5,1575156609
0,0,Eng2_04F-06:0,Out_AP13:-89,Eng2_04F-05:-77,Eng2_03F-02:-76,5,1575156611
0,0,Eng2_04F-06:0,Out_AP13:-89,Eng2_04F-05:-80,Eng2_03F-02:-74,5,1575156613
0,0,Eng2_04F-06:0,Out_AP13:-89,Eng2_03F-04:-85,Eng2_04F-05:-80,5,1575156615
420,303,Eng2_04F-06:0,Out_AP13:-89,Eng2_03F-04:-85,Eng2_04F-05:-80,5,1575156617
0,0,Eng2_04F-06:0,Out_AP13:-89,Eng2_03F-04:-85,Eng2_04F-05:-80,5,1575156619
420,520,Eng2_04F-06:0,Out_AP13:-89,Eng2_03F-04:-85,Eng2_04F-05:-80,5,1575156621
0,0,Eng2_04F-06:0,Out_AP13:-89,Eng2_03F-04:-85,Eng2_04F-05:-80,5,1575156623
533,520,Eng2_04F-06:0,Out_AP13:-89,Eng2_03F-04:-85,Eng2_04F-05:-80,5,1575156625
0,0,Eng2_04F-06:0,Out_AP13:-89,Eng2_03F-04:-85,Eng2_04F-05:-80,5,1575156627
533,607,Eng2_04F-06:0,Eng2_03F-05:-81,Eng2_03F-04:-85,Eng2_04F-05:-80,5,1575156629
0,0,Eng2_04F-06:0,Eng2_03F-05:-81,Eng2_03F-04:-85,Eng2_04F-05:-80,5,1575156631
0,0,Eng2_04F-06:0,Eng1_01F_A21:-92,Eng2_03F-05:-78,Eng2_03F-04:-85,5,1575156633
0,0,Eng2_04F-06:0,Eng1_01F_A21:-92,Eng2_03F-05:-78,Eng2_03F-04:-85,5,1575156635
0,0,Eng2_04F-06:0,Eng1_01F_A21:-90,Eng2_03F-05:-82,Eng2_03F-04:-85,5,1575156637
0,0,Eng2_04F-06:0,Eng1_01F_A21:-90,Eng2_03F-05:-82,Eng2_03F-04:-85,5,1575156639
0,0,Eng2_04F-06:0,Eng1_01F_A21:-90,Eng2_03F-05:-82,Eng2_06F-04:-75,5,1575156641
0,0,Eng2_04F-06:0,Eng1_01F_A21:-90,Eng2_03F-05:-82,Eng2_06F-04:-75,5,1575156643
1212,607,Eng2_04F-06:0,Eng1_01F_A21:-90,Eng2_02F_A04:-76,Eng2_03F-05:-88,5,1575156645
0,0,Eng2_04F-06:0,Eng1_01F_A21:-90,Eng2_02F_A04:-76,Eng2_03F-05:-88,5,1575156647
0,0,Eng2_04F-06:0,Eng1_01F_A21:-90,Eng2_02F_A04:-95,Eng2_03F-05:-88,5,1575156649
0,0,Eng2_04F-06:0,Eng1_01F_A21:-90,Eng2_02F_A04:-95,Eng2_03F-05:-88,5,1575156651
1212,303,Eng2_04F-06:0,Eng2_02F_A04:-95,Eng2_03F-05:-88,Eng2_06F-04:-75,5,1575156653
0,0,Eng2_04F-06:0,Eng2_02F_A04:-95,Eng2_03F-05:-88,Eng2_06F-04:-75,5,1575156655
0,0,Eng2_04F-06:0,Eng2_02F_A04:-95,Eng2_03F-05:-88,Eng2_06F-04:-75,5,1575156658
0,0,Eng2_04F-06:0,Eng2_02F_A04:-95,Eng2_03F-05:-88,Eng2_06F-04:-75,5,1575156660
0,0,Eng2_04F-06:0,Eng2_03F-04:-73,Eng2_04F-05:-75,Eng2_03F-02:-72,5,1575156662
0,0,Eng2_04F-06:0,Eng2_03F-04:-73,Eng2_04F-05:-75,Eng2_03F-02:-72,5,1575156664
0,0,Eng2_04F-06:0,Eng2_03F-04:-73,Eng2_04F-05:-77,Eng2_03F-02:-67,5,1575156666
0,0,Eng2_04F-06:0,Eng2_03F-04:-73,Eng2_04F-05:-77,Eng2_03F-02:-67,5,1575156668
533,303,Eng2_04F-06:0,Eng2_03F-04:-73,Eng2_04F-05:-77,Eng2_03F-02:-67,5,1575156670
0,0,Eng2_04F-06:0,Eng2_03F-04:-73,Eng2_04F-05:-77,Eng2_03F-02:-67,5,1575156672
533,520,Eng2_04F-06:0,Eng2_03F-04:-73,Eng2_04F-05:-77,Eng2_03F-02:-67,5,1575156674
0,0,Eng2_04F-06:0,Eng2_03F-04:-73,Eng2_04F-05:-77,Eng2_03F-02:-67,5,1575156676
420,520,Eng2_04F-06:0,Eng2_03F-04:-73,Eng2_04F-05:-77,Eng2_03F-02:-67,5,1575156678
0,0,Eng2_04F-06:0,Eng2_03F-04:-73,Eng2_04F-05:-77,Eng2_03F-02:-67,5,1575156680
0,0,Eng2_04F-06:0,Eng2_03F-04:-72,Eng2_04F-05:-80,Eng2_03F-02:-65,5,1575156682
420,303,Eng2_04F-06:0,Eng2_03F-04:-72,Eng2_04F-05:-80,Eng2_03F-02:-65,5,1575156684
0,0,Eng2_04F-06:0,Eng2_03F-04:-72,Eng2_04F-05:-80,108-5F-05:-89,5,1575156686
0,0,Eng2_04F-06:0,Eng2_03F-04:-72,Eng2_04F-05:-80,108-5F-05:-89,5,1575156688
0,0,Eng2_04F-06:0,Eng2_03F-04:-72,Eng2_04F-05:-80,108-5F-05:-89,5,1575156690
0,0,Eng2_04F-06:0,Eng2_03F-04:-72,Eng2_04F-05:-80,108-5F-05:-89,5,1575156692
63,303,Eng2_04F-06:0,Eng2_03F-04:-72,Eng2_04F-05:-72,108-5F-05:-89,5,1575156694
0,0,Eng2_04F-06:0,Eng2_03F-04:-72,Eng2_04F-05:-72,108-5F-05:-89,5,1575156696
0,0,Eng2_04F-06:0,Eng2_03F-04:-72,Eng2_04F-05:-72,108-5F-05:-89,5,1575156698
0,0,Eng2_04F-06:0,Eng2_03F-04:-72,Eng2_04F-05:-72,108-5F-05:-89,5,1575156700
420,303,Eng2_04F-06:0,Eng2_03F-04:-72,Eng2_04F-05:-72,108-5F-05:-89,5,1575156702
0,0,Eng2_04F-06:0,Eng2_03F-04:-72,Eng2_04F-05:-72,108-5F-05:-89,5,1575156704
0,0,Eng2_04F-06:0,Eng2_03F-04:-72,Eng2_04F-05:-72,108-5F-05:-89,5,1575156706
0,0,Eng2_04F-06:0,Eng2_03F-04:-72,Eng2_04F-05:-72,108-5F-05:-89,5,1575156708
420,607,Eng2_04F-06:0,Eng2_03F-04:-72,Eng2_04F-05:-72,108-5F-05:-89,5,1575156710
0,0,Eng2_04F-06:0,Eng2_03F-04:-72,Eng2_04F-05:-72,108-5F-05:-89,5,1575156712
0,0,Eng2_04F-06:0,Eng2_03F-04:-72,Eng2_04F-05:-72,108-5F-05:-89,5,1575156714
0,0,Eng2_04F-06:0,Eng2_03F-04:-72,Eng2_04F-05:-72,108-5F-05:-89,5,1575156716
0,0,Eng2_04F-06:0,Eng2_03F-04:-72,Eng2_04F-05:-72,108-5F-05:-89,5,1575156718
63,607,Eng2_04F-06:0,Eng2_03F-04:-72,Eng2_04F-05:-72,108-5F-05:-89,5,1575156720
0,0,Eng2_04F-06:0,Out_AP13:-96,Head_04F_A08:-88,Eng2_03F-04:-72,5,1575156723
0,0,Eng2_04F-06:0,Out_AP13:-96,Head_04F_A08:-88,Eng2_03F-04:-72,5,1575156725
0,0,Eng2_04F-06:0,Out_AP13:-96,Head_04F_A08:-88,Eng2_04F-05:-72,5,1575156727
0,0,Eng2_04F-06:0,Out_AP13:-96,Head_04F_A08:-88,Eng2_04F-05:-72,5,1575156729
420,607,Eng2_04F-06:0,Out_AP13:-96,Head_04F_A08:-88,Eng2_04F-05:-72,5,1575156731
420,520,Eng2_04F-06:0,Out_AP13:-96,Head_04F_A08:-88,Eng2_04F-05:-72,5,1575156733
0,0,Eng2_04F-06:0,Out_AP13:-96,Head_04F_A08:-88,Eng2_03F-04:-87,5,1575156735
533,520,Eng2_04F-06:0,Out_AP13:-96,Head_04F_A08:-88,Eng2_03F-04:-87,5,1575156737
0,0,Eng2_04F-06:0,Out_AP13:-96,Head_04F_A08:-88,Eng2_03F-04:-87,5,1575156739
533,303,Eng2_04F-06:0,Head_04F_A08:-88,Eng2_03F-04:-74,Eng2_04F-05:-87,5,1575156741
0,0,Eng2_04F-06:0,Eng2_03F-04:-72,Eng2_04F-05:-87,Eng2_03F-02:-85,5,1575156743
0,0,Eng2_04F-06:0,Eng2_03F-04:-72,Eng2_04F-05:-87,Eng2_03F-02:-85,5,1575156745
0,0,Eng2_04F-06:0,Eng2_03F-04:-69,Eng2_04F-05:-76,Eng2_03F-02:-85,5,1575156747
0,0,Eng2_04F-06:-85,Eng2_03F-04:-69,Eng2_04F-05:-76,Eng2_03F-02:-85,5,1575156749
0,0,Eng2_04F-06:-85,Eng2_03F-04:-64,Eng2_04F-05:-70,Eng2_03F-02:-85,5,1575156751
0,0,Eng2_04F-06:-85,Eng2_02F_A04:-81,Eng2_03F-04:-73,Eng2_04F-05:-70,5,1575156753
0,0,Eng2_04F-06:-85,Eng2_02F_A04:-81,Eng2_03F-04:-72,Eng2_04F-05:-71,5,1575156755
1212,303,Eng2_04F-06:-85,Eng2_02F_A04:-81,Eng2_03F-04:-72,Eng2_04F-05:-71,5,1575156757
0,0,Eng2_04F-06:-85,Eng2_02F_A04:-83,Eng2_06F-04:-72,Eng2_03F-04:-82,5,1575156759
0,0,Eng2_04F-06:-85,Eng2_02F_A04:-83,Eng2_06F-04:-72,Eng2_03F-04:-82,5,1575156761
0,0,Eng2_04F-06:-85,Eng2_02F_A04:-83,Eng2_06F-04:-72,Eng2_03F-04:-83,5,1575156763
1212,607,Eng2_04F-06:-85,Eng2_02F_A04:-83,Eng2_06F-04:-72,Eng2_03F-04:-83,5,1575156765
0,0,Eng2_04F-06:-85,Eng2_02F_A04:-83,Eng2_06F-06:-76,Eng2_03F-05:-79,5,1575156767
0,0,Eng2_04F-06:-85,Eng2_02F_A04:-83,Eng2_06F-06:-76,Eng2_03F-05:-79,5,1575156769
0,0,Eng2_04F-06:-85,Eng2_02F_A04:-83,Eng2_06F-06:-76,Eng2_03F-05:-68,5,1575156771
0,0,Eng2_04F-06:-85,Eng2_02F_A04:-83,Eng2_06F-06:-76,Eng2_03F-05:-68,5,1575156773
0,0,Eng2_04F-06:-85,Eng2_02F_A04:-83,Eng2_06F-06:-76,Eng2_03F-05:-56,5,1575156775
1721,607,Eng2_04F-06:-85,Eng2_02F_A04:-83,Eng2_06F-06:-76,Eng2_03F-05:-56,5,1575156777
0,0,Eng2_04F-06:-85,Eng2_02F_A03:-84,Eng2_06F-06:-76,Eng2_03F-05:-70,5,1575156779
0,0,Eng2_04F-06:-85,Eng2_02F_A03:-84,Eng2_06F-06:-76,Eng2_03F-05:-70,5,1575156781
0,0,Eng2_04F-06:-85,Eng2_02F_A03:-84,Eng2_06F-06:-76,Eng2_03F-05:-72,5,1575156783
1721,303,Eng2_04F-06:-85,Eng2_02F_A03:-84,Eng2_06F-06:-76,Eng2_03F-05:-72,5,1575156785
0,0,Eng2_04F-06:-85,Eng2_02F_A03:-87,Eng2_02F_A04:-83,Eng2_03F-05:-86,5,1575156787
0,0,Eng2_04F-06:-85,Eng2_02F_A03:-87,Eng2_02F_A04:-83,Eng2_03F-05:-86,5,1575156789
0,0,Eng2_04F-06:-85,Eng2_02F_A03:-94,Eng2_02F_A04:-78,Eng2_03F-05:-86,5,1575156791
0,0,Eng2_04F-06:-85,Eng2_02F_A03:-94,Eng2_02F_A04:-75,Eng2_03F-05:-86,5,1575156793
0,0,Eng2_04F-06:-85,Eng2_02F_A03:-94,Eng2_02F_A04:-75,Eng2_03F-05:-86,5,1575156795
1212,303,Eng2_04F-06:-85,Eng2_02F_A03:-94,Eng2_02F_A04:-75,Eng2_03F-05:-86,5,1575156797
0,0,Eng2_04F-06:-85,Eng2_02F_A03:-94,Eng2_02F_A04:-76,Eng2_06F-04:-80,5,1575156799
0,0,Eng2_04F-06:-85,Eng2_02F_A03:-94,Eng2_02F_A04:-76,Eng2_06F-04:-80,5,1575156801
0,0,Eng2_04F-06:-85,Eng2_02F_A03:-94,Eng2_02F_A04:-76,Eng2_03F-05:-77,5,1575156803
1212,607,Eng2_04F-06:-85,Eng2_02F_A04:-76,Eng2_03F-05:-77,Eng2_06F-04:-80,5,1575156805
0,0,Eng2_04F-06:-85,Eng2_02F_A04:-76,Eng2_05F-07:-85,Eng2_03F-05:-59,5,1575156807
0,0,Eng2_04F-06:-85,Eng2_02F_A04:-76,Eng2_05F-07:-85,Eng2_03F-05:-59,5,1575156809
0,0,Eng2_04F-06:-85,Eng2_02F_A04:-76,Eng2_05F-07:-85,Eng2_03F-05:-64,5,1575156811
0,0,Eng2_04F-06:-85,Eng2_02F_A04:-76,Eng2_05F-07:-85,Eng2_03F-05:-64,5,1575156813
0,0,Eng2_04F-06:-85,Eng2_02F_A03:-84,Eng2_02F_A04:-76,Eng2_05F-07:-85,5,1575156815
1721,607,Eng2_04F-06:-85,Eng2_02F_A03:-84,Eng2_02F_A04:-76,Eng2_05F-07:-85,5,1575156817
0,0,Eng2_04F-06:-85,Eng2_02F_A03:-82,Eng2_02F_A04:-76,Eng2_05F-07:-85,5,1575156819
0,0,Eng2_04F-06:-85,Eng2_02F_A03:-82,Eng2_02F_A04:-76,Eng2_05F-07:-85,5,1575156821
1721,303,Eng2_04F-06:-85,Eng2_02F_A03:-84,Eng2_02F_A04:-83,Eng2_03F-05:-70,5,1575156823
0,0,Eng2_04F-06:-85,Eng2_02F_A03:-84,Eng2_02F_A04:-83,Eng2_03F-05:-70,5,1575156825
0,0,Eng2_04F-06:-85,Eng2_02F_A03:-84,Eng2_02F_A04:-83,Eng2_03F-05:-70,5,1575156827
0,0,Eng2_04F-06:-85,Eng2_02F_A03:-84,Eng2_02F_A04:-83,Eng2_03F-05:-70,5,1575156829
0,0,Eng2_04F-06:-85,Eng2_02F_A03:-84,Eng2_02F_A04:-76,Eng2_03F-05:-70,5,1575156831
0,0,Eng2_04F-06:-85,Eng2_02F_A03:-84,Eng2_02F_A04:-76,Eng2_03F-05:-70,5,1575156833
1212,303,Eng2_04F-06:-85,Eng2_02F_A03:-84,Eng2_02F_A04:-81,Eng2_03F-05:-70,5,1575156835
0,0,Eng2_04F-06:-85,Eng2_02F_A03:-84,Eng2_02F_A04:-81,Eng2_03F-05:-70,5,1575156837
0,0,Eng2_04F-06:-81,Eng2_02F_A03:-84,Eng2_02F_A04:-81,Eng2_03F-05:-85,5,1575156839
0,0,Eng2_04F-06:-81,Eng2_02F_A03:-84,Eng2_02F_A04:-81,Eng2_03F-05:-85,5,1575156841
1212,607,Eng2_04F-06:-81,Eng2_02F_A03:-84,Eng2_02F_A04:-81,Eng2_03F-05:-74,5,1575156843
0,0,Eng2_04F-06:-81,Eng2_02F_A03:-84,Eng2_02F_A04:-81,Eng2_03F-05:-74,5,1575156845
0,0,Eng2_04F-06:-81,Eng2_02F_A04:-81,Eng2_05F-07:-86,Eng2_03F-05:-59,5,1575156847
0,0,Eng2_04F-06:-81,Eng2_02F_A04:-81,Eng2_05F-07:-86,Eng2_03F-05:-59,5,1575156849
0,0,Eng2_04F-06:-81,Eng2_02F_A04:-81,Eng2_05F-07:-86,Eng2_03F-05:-68,5,1575156851
0,0,Eng2_04F-06:-81,Eng2_02F_A04:-81,Eng2_05F-07:-86,Eng2_03F-05:-68,5,1575156853
1721,607,Eng2_04F-06:-81,Eng2_02F_A03:-80,Eng2_02F_A04:-81,Eng2_06F-06:-79,5,1575156855
0,0,Eng2_04F-06:-81,Eng2_02F_A03:-80,Eng2_06F-06:-79,Eng2_05F-07:-86,5,1575156857
0,0,Eng2_04F-06:-81,Eng2_02F_A03:-86,Eng2_06F-06:-79,Eng2_05F-07:-86,5,1575156859
1721,303,Eng2_04F-06:-81,Eng2_02F_A03:-86,Eng2_06F-06:-79,Eng2_05F-07:-86,5,1575156861
0,0,Eng2_04F-06:-81,Eng2_02F_A03:-86,Eng2_06F-06:-79,Eng2_05F-07:-86,5,1575156863
0,0,Eng2_04F-06:-81,Eng2_02F_A03:-86,Eng2_06F-06:-79,Eng2_05F-07:-86,5,1575156865
0,0,Eng2_04F-06:-81,Eng2_02F_A03:-86,Eng2_03F-08:-90,Eng2_06F-06:-79,5,1575156867
0,0,Eng2_04F-06:-81,Eng2_02F_A03:-86,Eng2_03F-08:-90,Eng2_06F-06:-79,5,1575156870
0,0,Eng2_04F-06:-81,Eng2_02F_A03:-86,Eng2_03F-08:-83,Eng2_06F-06:-79,5,1575156872
0,0,Eng2_04F-06:-81,Eng2_02F_A03:-86,Eng2_03F-08:-83,Eng2_06F-06:-79,5,1575156874
2245,303,Eng2_04F-06:-81,Eng2_02F_A03:-86,Eng2_03F-08:-79,Eng2_06F-06:-79,5,1575156876
0,0,Eng2_04F-06:-81,Eng2_02F_A03:-86,Eng2_03F-08:-79,Eng2_06F-06:-79,5,1575156878
0,0,Eng2_04F-06:-81,Eng2_02F_A03:-87,Eng2_03F-08:-79,Eng2_06F-06:-79,5,1575156880
0,0,Eng2_04F-06:-81,Eng2_02F_A03:-87,Eng2_03F-08:-87,Eng2_06F-06:-79,5,1575156882
0,0,Eng2_04F-06:-81,Eng2_02F_A03:-84,Eng2_03F-08:-87,Eng2_06F-06:-79,5,1575156884
0,0,Eng2_04F-06:-81,Eng2_02F_A03:-84,Eng2_03F-08:-87,Eng2_06F-06:-79,5,1575156886
0,0,Eng2_04F-06:-81,Eng2_02F_A03:-79,Eng2_03F-08:-87,Eng2_05F-07:-80,5,1575156888
1721,303,Eng2_04F-06:-81,Eng2_02F_A03:-79,Eng2_03F-08:-87,Eng2_05F-07:-80,5,1575156890
0,0,Eng2_04F-06:-81,Eng2_02F_A03:-83,Eng2_02F_A04:-85,Eng2_03F-08:-87,5,1575156892
0,0,Eng2_04F-06:-81,Eng2_02F_A03:-83,Eng2_02F_A04:-85,Eng2_03F-08:-87,5,1575156894
0,0,Eng2_04F-06:-81,Eng2_02F_A03:-83,Eng2_02F_A04:-81,Eng2_03F-08:-87,5,1575156896
0,0,Eng2_04F-06:-81,Eng2_02F_A03:-83,Eng2_02F_A04:-81,Eng2_03F-08:-87,5,1575156898
0,0,Eng2_04F-06:-81,Eng2_02F_A03:-83,Eng2_02F_A04:-76,Eng2_03F-05:-76,5,1575156900
0,0,Eng2_04F-06:-81,Eng2_02F_A03:-83,Eng2_02F_A04:-76,Eng2_03F-05:-76,5,1575156902
1212,303,Eng2_04F-06:-81,Eng2_02F_A03:-83,Eng2_02F_A04:-79,Eng2_03F-05:-76,5,1575156904
0,0,Eng2_04F-06:-81,Eng2_02F_A03:-83,Eng2_02F_A04:-79,Eng2_03F-05:-76,5,1575156906
0,0,Eng2_04F-06:-81,Eng2_02F_A03:-83,Eng2_02F_A04:-79,Eng2_03F-05:-76,5,1575156908
0,0,Eng2_04F-06:-81,Eng2_02F_A03:-83,Eng2_02F_A04:-79,Eng2_03F-04:-71,5,1575156910
0,0,Eng2_04F-06:-81,Eng2_02F_A04:-79,Eng2_03F-04:-79,Eng2_04F-05:-74,5,1575156912
0,0,Eng2_04F-06:-81,Eng2_02F_A04:-79,Eng2_03F-04:-79,Eng2_04F-05:-74,5,1575156914
0,0,Eng2_04F-06:-81,Eng2_02F_A04:-79,Eng2_03F-04:-79,Eng2_04F-05:-73,5,1575156916
0,0,Eng2_04F-06:-81,Eng2_02F_A04:-79,Eng2_03F-04:-79,Eng2_04F-05:-73,5,1575156918
533,303,Eng2_04F-06:-81,Eng2_02F_A04:-79,Eng2_03F-04:-80,Eng2_04F-05:-73,5,1575156920
0,0,Eng2_04F-06:-81,Eng2_02F_A04:-79,Eng2_03F-04:-80,Eng2_04F-05:-73,5,1575156922
0,0,Eng2_04F-06:-81,Eng2_02F_A04:-79,Eng2_03F-04:-80,Eng2_04F-05:-73,5,1575156924
0,0,Eng2_04F-06:-81,Eng2_02F_A04:-79,Eng2_03F-05:-78,Eng2_03F-04:-80,5,1575156926
533,607,Eng2_04F-06:-81,Eng2_03F-05:-78,Eng2_03F-04:-80,Eng2_04F-05:-73,5,1575156928
0,0,Eng2_04F-06:-79,Eng2_03F-05:-78,Eng2_03F-04:-80,Eng2_04F-05:-73,5,1575156930
0,0,Eng2_04F-06:-79,Eng2_03F-05:-78,Eng2_06F-04:-99,Eng2_03F-04:-80,5,1575156932
0,0,Eng2_04F-06:-79,Eng2_03F-05:-78,Eng2_06F-04:-99,Eng2_03F-04:-80,5,1575156934
0,0,Eng2_04F-06:-79,Eng2_03F-05:-84,Eng2_06F-04:-99,Eng2_03F-04:-80,5,1575156936
0,0,Eng2_04F-06:-79,Eng2_03F-05:-84,Eng2_06F-04:-99,Eng2_03F-04:-80,5,1575156938
0,0,Eng2_04F-06:-79,Eng2_03F-05:-84,Eng2_06F-04:-99,Eng2_03F-04:-80,5,1575156940
0,0,Eng2_04F-06:-79,Eng2_03F-05:-84,Eng2_06F-04:-99,Eng2_03F-04:-75,5,1575156942
0,0,Eng2_04F-06:-79,Eng2_02F_A04:-89,Eng2_06F-06:-89,Eng2_03F-05:-74,5,1575156944
0,0,Eng2_04F-06:-79,Eng2_02F_A04:-89,Eng2_06F-06:-89,Eng2_03F-05:-74,5,1575156946
0,0,Eng2_04F-06:-79,Eng2_02F_A04:-89,Eng2_06F-06:-89,Eng2_03F-05:-66,5,1575156948
0,0,Eng2_04F-06:-79,Eng2_02F_A04:-89,Eng2_06F-06:-89,Eng2_03F-05:-66,5,1575156950
0,0,Eng2_04F-06:-79,Eng2_02F_A03:-88,Eng1_01F_A21:-87,Eng2_02F_A04:-89,5,1575156952
0,0,Eng2_04F-06:-79,Eng2_02F_A03:-88,Eng1_01F_A21:-87,Eng2_02F_A04:-89,5,1575156954
1721,607,Eng2_04F-06:-79,Eng2_02F_A03:-86,Eng1_01F_A21:-87,Eng2_02F_A04:-89,5,1575156956
0,0,Eng2_04F-06:-79,Eng2_02F_A03:-86,Eng1_01F_A21:-87,Eng2_02F_A04:-89,5,1575156958
0,0,Eng2_04F-06:-79,Eng2_02F_A03:-86,Eng1_01F_A21:-87,Eng2_02F_A04:-89,5,1575156960
0,0,Eng2_04F-06:-79,Eng2_02F_A03:-86,Eng1_01F_A21:-87,Eng2_02F_A04:-89,5,1575156962
0,0,Eng2_04F-06:-79,Eng2_02F_A03:-86,Eng1_01F_A21:-87,Eng2_02F_A04:-89,5,1575156964
0,0,Eng2_04F-06:-79,Eng2_02F_A03:-86,Eng1_01F_A21:-87,Eng2_02F_A04:-89,5,1575156966
0,0,Eng2_04F-06:-79,Eng2_02F_A03:-86,Eng1_01F_A21:-87,Eng2_02F_A04:-89,5,1575156968
2245,607,Eng2_04F-06:-79,Eng2_02F_A03:-86,Eng1_01F_A21:-87,Eng2_02F_A04:-89,5,1575156970
0,0,Eng2_04F-06:-79,Eng2_02F_A03:-86,Eng1_01F_A21:-87,Eng2_02F_A04:-89,5,1575156972
0,0,Eng2_04F-06:-79,Eng2_02F_A03:-86,Eng1_01F_A21:-87,Eng2_02F_A04:-89,5,1575156974
0,0,Eng2_04F-06:-79,Eng2_02F_A03:-86,Eng1_01F_A21:-87,Eng2_02F_A04:-89,5,1575156976
0,0,Eng2_04F-06:-79,Eng2_02F_A03:-86,Eng1_01F_A21:-87,Eng2_02F_A04:-89,5,1575156978
0,0,Eng2_04F-06:-79,Eng2_02F_A03:-86,Eng1_01F_A21:-87,Eng2_02F_A04:-89,5,1575156980
0,0,Eng2_04F-06:-79,Eng2_02F_A03:-86,Eng1_01F_A21:-87,Eng2_02F_A04:-89,5,1575156982
1721,607,Eng2_04F-06:-79,Eng2_02F_A03:-86,Eng1_01F_A21:-87,Eng2_06F-06:-85,5,1575156984
0,0,Eng2_04F-06:-79,Eng2_02F_A03:-86,Eng1_01F_A21:-87,Eng2_06F-06:-85,5,1575156986
0,0,Eng2_04F-06:-79,Eng2_02F_A03:-86,Eng1_01F_A21:-87,Eng2_06F-06:-85,5,1575156988
0,0,Eng2_04F-06:-79,Eng2_02F_A03:-86,Eng1_01F_A21:-87,Eng2_06F-06:-85,5,1575156990
0,0,Eng2_04F-06:-79,Eng2_06F-06:-85,Eng2_05F-07:-90,Eng2_03F-05:-74,5,1575156992
0,0,Eng2_04F-06:-79,Eng2_06F-06:-85,Eng2_05F-07:-90,Eng2_03F-05:-74,5,1575156994
1212,607,Eng2_04F-06:-79,Eng2_02F_A04:-79,Eng2_06F-06:-85,Eng2_05F-07:-90,5,1575156996
0,0,Eng2_04F-06:-79,Eng2_02F_A04:-77,Eng2_06F-06:-85,Eng2_05F-07:-90,5,1575156998
0,0,Eng2_04F-06:-79,Eng2_02F_A04:-79,Eng2_03F-05:-79,Eng2_06F-04:-71,5,1575157000
0,0,Eng2_04F-06:-79,Eng2_02F_A04:-79,Eng2_03F-05:-79,Eng2_06F-04:-71,5,1575157002
1212,303,Eng2_04F-06:-79,Eng2_02F_A03:-83,Eng2_02F_A04:-78,Eng2_03F-05:-79,5,1575157004
0,0,Eng2_04F-06:-79,Eng2_02F_A03:-83,Eng2_02F_A04:-78,Eng2_03F-05:-79,5,1575157006
0,0,Eng2_04F-06:-79,Eng2_02F_A03:-83,Eng2_02F_A04:-84,Eng2_03F-05:-85,5,1575157008
0,0,Eng2_04F-06:-79,Eng2_02F_A03:-83,Eng2_02F_A04:-84,Eng2_03F-05:-81,5,1575157010
0,0,Eng2_04F-06:-79,Eng2_02F_A03:-83,Eng2_02F_A04:-84,Eng2_03F-05:-76,5,1575157012
0,0,Eng2_04F-06:-79,Eng2_02F_A03:-83,Eng2_02F_A04:-84,Eng2_03F-05:-76,5,1575157014
1721,303,Eng2_04F-06:-79,Eng2_02F_A03:-79,Eng2_02F_A04:-84,Eng2_03F-05:-66,5,1575157016
0,0,Eng2_04F-06:-83,Eng2_02F_A03:-79,Eng2_02F_A04:-84,Eng2_03F-05:-66,5,1575157018
0,0,Eng2_04F-06:-83,Eng2_02F_A03:-85,Eng2_02F_A04:-84,Eng2_03F-05:-70,5,1575157020
0,0,Eng2_04F-06:-83,Eng2_02F_A03:-85,Eng2_02F_A04:-84,Eng2_03F-05:-70,5,1575157022
1721,607,Eng2_04F-06:-83,Eng2_02F_A03:-85,Eng2_06F-06:-78,Eng2_03F-05:-64,5,1575157025
0,0,Eng2_04F-06:-83,Eng2_02F_A03:-85,Eng2_06F-06:-78,Eng2_03F-05:-64,5,1575157027
0,0,Eng2_04F-06:-83,Eng2_02F_A03:-85,Eng2_06F-06:-78,Eng2_03F-05:-78,5,1575157029
0,0,Eng2_04F-06:-83,Eng2_02F_A03:-85,Eng2_06F-06:-78,Eng2_03F-05:-78,5,1575157031
0,0,Eng2_04F-06:-83,Eng2_02F_A03:-85,Eng2_06F-06:-78,Eng2_03F-05:-77,5,1575157033
0,0,Eng2_04F-06:-83,Eng2_02F_A03:-85,Eng2_06F-06:-78,Eng2_05F-07:-68,5,1575157035
0,0,Eng2_04F-06:-83,Eng2_02F_A03:-85,Eng2_06F-06:-79,Eng2_05F-07:-68,5,1575157037
2245,607,Eng2_04F-06:-83,Eng2_02F_A03:-85,Eng2_06F-06:-79,Eng2_05F-07:-74,5,1575157039
0,0,Eng2_04F-06:-83,Eng2_02F_A03:-85,Eng2_03F-08:-87,Eng2_06F-06:-76,5,1575157041
0,0,Eng2_04F-06:-83,Eng2_02F_A03:-85,Eng2_03F-08:-87,Eng2_06F-06:-76,5,1575157043
0,0,Eng2_04F-06:-83,Eng2_02F_A03:-85,Eng2_03F-08:-87,Eng2_06F-06:-78,5,1575157045
0,0,Eng2_04F-06:-83,Eng2_02F_A03:-85,Eng2_03F-08:-87,Eng2_06F-06:-78,5,1575157047
0,0,Eng2_04F-06:-83,Eng2_02F_A03:-89,Eng2_03F-08:-87,Eng2_06F-06:-82,5,1575157049
0,0,Eng2_04F-06:-83,Eng2_02F_A03:-89,Eng2_03F-08:-87,Eng2_06F-06:-82,5,1575157051
0,0,Eng2_04F-06:-83,Eng2_02F_A03:-89,Eng2_03F-08:-87,Eng2_06F-06:-82,5,1575157053
1721,607,Eng2_04F-06:-83,Eng2_02F_A03:-89,Eng2_03F-08:-87,Eng2_06F-06:-82,5,1575157055
0,0,Eng2_04F-06:-83,Eng2_02F_A03:-82,Eng2_03F-08:-87,Eng2_06F-06:-82,5,1575157057
0,0,Eng2_04F-06:-83,Eng2_02F_A03:-82,Eng2_03F-08:-87,Eng2_06F-06:-82,5,1575157059
0,0,Eng2_04F-06:-83,Eng2_02F_A03:-86,Eng2_03F-08:-87,Eng2_06F-06:-82,5,1575157061
1721,303,Eng2_04F-06:-83,Eng2_02F_A03:-86,Eng2_06F-06:-82,Eng2_03F-05:-87,5,1575157063
0,0,Eng2_04F-06:-83,Eng2_02F_A03:-94,Eng2_02F_A04:-85,Eng2_03F-05:-87,5,1575157065
0,0,Eng2_04F-06:-83,Eng2_02F_A03:-94,Eng2_02F_A04:-78,Eng2_03F-05:-87,5,1575157067
0,0,Eng2_04F-06:-83,Eng2_02F_A03:-94,Eng2_02F_A04:-78,Eng2_03F-05:-87,5,1575157069
0,0,Eng2_04F-06:-83,Eng2_02F_A03:-94,Eng2_02F_A04:-78,Eng2_03F-05:-87,5,1575157071
0,0,Eng2_04F-06:-83,Eng2_02F_A03:-94,Eng2_02F_A04:-79,Eng2_03F-05:-87,5,1575157073
0,0,Eng2_04F-06:-83,Eng2_02F_A03:-94,Eng2_02F_A04:-79,Eng2_03F-05:-87,5,1575157075
0,0,Eng2_04F-06:-83,Eng2_02F_A03:-94,Eng2_02F_A04:-79,Eng2_03F-05:-87,5,1575157077
0,0,Eng2_04F-06:-83,Eng2_02F_A03:-94,Eng2_02F_A04:-79,Eng2_03F-05:-87,5,1575157079
0,0,Eng2_04F-06:-83,Eng2_02F_A03:-94,Eng2_02F_A04:-79,Eng2_03F-04:-67,5,1575157081
0,0,Eng2_04F-06:-83,Eng2_02F_A03:-94,Eng2_02F_A04:-79,Eng2_03F-04:-67,5,1575157083
0,0,Eng2_04F-06:-83,Eng2_02F_A03:-94,Eng2_02F_A04:-79,Eng2_03F-04:-82,5,1575157085
0,0,Eng2_04F-06:-83,Eng2_02F_A04:-79,Eng2_03F-04:-82,Eng2_04F-05:-75,5,1575157087
0,0,Eng2_04F-06:-83,Eng2_02F_A04:-79,Eng2_03F-04:-74,Eng2_04F-05:-74,5,1575157089
533,303,Eng2_04F-06:-83,Eng2_02F_A04:-79,Eng2_03F-04:-74,Eng2_04F-05:-78,5,1575157091
0,0,Eng2_04F-06:-83,Eng2_03F-04:-74,Eng2_04F-05:-78,Eng2_03F-02:-69,5,1575157093
533,520,Eng2_04F-06:-83,Eng2_03F-04:-74,Eng2_04F-05:-78,Eng2_03F-02:-69,5,1575157095
0,0,Eng2_04F-06:-83,Eng2_03F-04:-74,Eng2_04F-05:-78,Eng2_03F-02:-69,5,1575157097
420,520,Eng2_04F-06:-83,Eng2_03F-04:-74,Eng2_04F-05:-78,Eng2_03F-02:-69,5,1575157099
420,607,Eng2_04F-06:-83,Eng2_03F-04:-74,Eng2_04F-05:-78,Eng2_03F-02:-69,5,1575157101
0,0,Eng2_04F-06:-83,Eng1_06F-01:-74,Eng2_03F-04:-74,Eng2_04F-05:-78,5,1575157103
0,0,Eng2_04F-06:-83,Head_04F_A02:-81,Eng1_06F-01:-74,Eng2_03F-04:-74,5,1575157105
0,0,Eng2_04F-06:-83,Head_04F_A02:-81,Eng1_06F-01:-74,Eng2_03F-04:-74,5,1575157107
0,0,Eng2_04F-06:-81,Head_04F_A02:-81,Eng1_06F-01:-74,Eng2_03F-04:-74,5,1575157109
63,607,Eng2_04F-06:-81,Head_04F_A02:-81,Eng1_06F-01:-74,Eng2_03F-04:-74,5,1575157111
0,0,Eng2_04F-06:-81,Head_04F_A02:-81,Eng1_06F-01:-74,Eng2_03F-04:-74,5,1575157113
0,0,Eng2_04F-06:-81,Head_04F_A02:-81,Eng1_06F-01:-74,Eng2_03F-04:-74,5,1575157115
0,0,Eng2_04F-06:-81,Head_04F_A02:-81,Eng1_06F-01:-74,Eng2_03F-04:-74,5,1575157117
0,0,Eng2_04F-06:-81,Head_04F_A02:-81,Eng1_06F-01:-74,Eng2_03F-04:-74,5,1575157119
0,0,Eng2_04F-06:-81,Head_04F_A02:-81,Eng1_06F-01:-77,Eng2_03F-04:-74,5,1575157121
420,607,Eng2_04F-06:-81,Head_04F_A02:-81,Eng1_06F-01:-77,Eng2_03F-04:-74,5,1575157123
0,0,Eng2_04F-06:-81,Head_04F_A02:-81,Eng1_06F-01:-77,Eng2_04F-05:-78,5,1575157125
0,0,Eng2_04F-06:-81,Head_04F_A02:-81,Eng1_06F-01:-77,Eng2_04F-05:-78,5,1575157127
0,0,Eng2_04F-06:-81,Head_04F_A02:-81,Eng1_06F-01:-77,Eng2_06F-02:-86,5,1575157129
0,0,Eng2_04F-06:-81,Head_04F_A02:-81,Eng1_06F-01:-77,Eng2_06F-02:-86,5,1575157131
63,607,Eng2_04F-06:-81,Head_04F_A02:-81,Eng1_06F-01:-77,Eng2_06F-02:-86,5,1575157133
0,0,Eng2_04F-06:-81,Head_04F_A02:-81,Eng1_06F-01:-77,Eng2_06F-02:-86,5,1575157135
0,0,Eng2_04F-06:-81,Head_04F_A02:-81,Eng1_06F-01:-77,Eng2_06F-02:-86,5,1575157137
0,0,Eng2_04F-06:-81,Head_04F_A02:-81,Eng1_06F-01:-77,Eng2_06F-02:-86,5,1575157139
0,0,Eng2_04F-06:-81,Head_04F_A02:-81,Eng1_06F-01:-77,Eng2_06F-02:-86,5,1575157141
0,0,Eng2_04F-06:-81,Head_04F_A02:-81,Eng1_06F-01:-77,Eng2_06F-02:-86,5,1575157143
420,607,Eng2_04F-06:-81,Head_04F_A02:-81,Eng1_06F-01:-77,Eng2_06F-02:-86,5,1575157145
0,0,Eng2_04F-06:-81,Head_04F_A02:-81,Eng1_06F-01:-77,Eng2_06F-02:-86,5,1575157147
0,0,Eng2_04F-06:-81,Eng1_06F-01:-77,Eng2_06F-02:-86,Eng2_03F-02:-80,5,1575157149
0,0,Eng2_04F-06:-81,Eng1_06F-01:-77,Eng2_04F-05:-76,Eng2_06F-02:-86,5,1575157151
420,303,Eng2_04F-06:-81,Eng2_03F-04:-85,Eng2_04F-05:-76,Eng2_06F-02:-86,5,1575157153
0,0,Eng2_04F-06:-81,Eng2_03F-04:-85,Eng2_04F-05:-76,Eng2_06F-02:-86,5,1575157155
0,0,Eng2_04F-06:-81,Eng2_03F-04:-85,Eng2_04F-05:-76,Eng2_06F-02:-86,5,1575157157
0,0,Eng2_04F-06:-81,Eng2_03F-04:-85,Eng2_04F-05:-82,Eng2_06F-02:-86,5,1575157159
0,0,Eng2_04F-06:-81,Eng2_03F-04:-83,Eng2_04F-05:-82,Eng2_03F-02:-85,5,1575157161
63,303,Eng2_04F-06:-81,Eng2_03F-04:-83,Eng2_04F-05:-82,Eng2_03F-02:-85,5,1575157163
0,0,Eng2_04F-06:-81,Eng2_03F-04:-82,Eng2_04F-05:-82,Eng2_03F-02:-76,5,1575157166
0,0,Eng2_04F-06:-81,Eng2_03F-04:-82,Eng2_04F-05:-82,Eng2_03F-02:-76,5,1575157168
0,0,Eng2_04F-06:-81,Eng2_03F-04:-82,Eng2_04F-05:-75,Eng2_03F-02:-76,5,1575157170
0,0,Eng2_04F-06:-81,Eng2_03F-04:-76,Eng2_04F-05:-65,Eng2_03F-02:-78,5,1575157172
420,303,Eng2_04F-06:-81,Eng2_03F-04:-76,Eng2_04F-05:-80,Eng2_03F-02:-87,5,1575157174
0,0,Eng2_04F-06:-81,Eng2_03F-04:-76,Eng2_04F-05:-80,Eng2_03F-02:-87,5,1575157176
0,0,Eng2_04F-06:-81,Eng2_03F-04:-76,Eng2_04F-05:-80,Eng2_03F-02:-87,5,1575157178
0,0,Eng2_04F-06:-81,Eng2_03F-04:-76,Eng2_04F-05:-80,Eng2_03F-02:-87,5,1575157180
0,0,Eng2_04F-06:-81,Eng2_03F-04:-76,Eng2_04F-05:-80,Eng2_03F-02:-87,5,1575157182
63,303,Eng2_04F-06:-81,Eng2_03F-04:-76,Eng2_04F-05:-80,Eng2_03F-02:-85,5,1575157184
0,0,Eng2_04F-06:-81,Out_AP13:-92,Eng2_03F-04:-76,Eng2_04F-05:-80,5,1575157186
0,0,Eng2_04F-06:-81,Out_AP13:-92,Eng2_03F-04:-76,Eng2_04F-05:-80,5,1575157188
0,0,Eng2_04F-06:-81,Out_AP13:-92,Eng2_03F-04:-76,Eng2_04F-05:-80,5,1575157190
0,0,Eng2_04F-06:-81,Out_AP13:-92,Eng2_03F-04:-76,Eng2_04F-05:-80,5,1575157192
420,303,Eng2_04F-06:-81,Out_AP13:-92,Eng2_03F-04:-76,Eng2_04F-05:-80,5,1575157194
0,0,Eng2_04F-06:-81,Out_AP13:-92,Eng2_03F-04:-76,Eng2_04F-05:-80,5,1575157196
0,0,Eng2_04F-06:-81,Out_AP13:-92,Eng2_03F-04:-76,Eng2_04F-05:-80,5,1575157198
420,520,Eng2_04F-06:-80,Out_AP13:-92,Eng2_03F-04:-76,Eng2_04F-05:-80,5,1575157200
533,520,Eng2_04F-06:-80,Out_AP13:-92,Eng2_03F-04:-84,Eng2_04F-05:-83,5,1575157202
0,0,Eng2_04F-06:-80,Out_AP13:-92,Eng2_03F-04:-84,Eng2_04F-05:-83,5,1575157204
0,0,Eng2_04F-06:-80,Out_AP13:-92,Eng2_03F-04:-70,Eng2_04F-05:-83,5,1575157206
533,303,Eng2_04F-06:-80,Out_AP13:-92,Eng2_03F-04:-80,Eng2_04F-05:-83,5,1575157208
0,0,Eng2_04F-06:-80,Out_AP13:-92,Eng2_03F-04:-71,Eng2_04F-05:-68,5,1575157210
0,0,Eng2_04F-06:-80,Out_AP13:-92,Eng2_03F-04:-71,Eng2_04F-05:-68,5,1575157212
0,0,Eng2_04F-06:-80,Out_AP13:-92,Eng2_03F-04:-68,Eng2_04F-05:-74,5,1575157214
0,0,Eng2_04F-06:-80,Out_AP13:-92,Eng2_03F-04:-68,Eng2_04F-05:-74,5,1575157216
0,0,Eng2_04F-06:-80,Eng2_03F-04:-74,Eng2_04F-05:-73,Eng2_03F-02:-80,5,1575157218
0,0,Eng2_04F-06:-80,Eng2_02F_A04:-82,Eng2_03F-04:-74,Eng2_04F-05:-73,5,1575157220
0,0,Eng2_04F-06:-80,Eng2_02F_A04:-82,Eng2_03F-04:-80,Eng2_04F-05:-62,5,1575157222
0,0,Eng2_04F-06:-80,Eng2_02F_A03:-82,Eng2_02F_A04:-83,Eng2_03F-04:-80,5,1575157224
1212,303,Eng2_04F-06:-80,Eng2_02F_A03:-82,Eng2_02F_A04:-83,Eng2_03F-08:-88,5,1575157226
0,0,Eng2_04F-06:-80,Eng2_02F_A03:-82,Eng2_02F_A04:-86,Eng2_03F-08:-88,5,1575157228
0,0,Eng2_04F-06:-80,Eng2_02F_A03:-82,Eng2_02F_A04:-86,Eng2_03F-08:-88,5,1575157230
0,0,Eng2_04F-06:-80,Eng2_02F_A03:-82,Eng2_02F_A04:-86,Eng2_03F-08:-88,5,1575157232
0,0,Eng2_04F-06:-80,Eng2_02F_A03:-82,Eng2_02F_A04:-86,Eng2_03F-08:-88,5,1575157234
0,0,Eng2_04F-06:-80,Eng2_02F_A03:-82,Eng2_02F_A04:-86,Eng2_03F-08:-88,5,1575157236
0,0,Eng2_04F-06:-80,Eng2_02F_A03:-83,Eng2_02F_A04:-86,Eng2_03F-08:-88,5,1575157238
0,0,Eng2_04F-06:-80,Eng2_02F_A03:-83,Eng2_02F_A04:-86,Eng2_03F-08:-88,5,1575157240
0,0,Eng2_04F-06:-80,Eng2_02F_A03:-86,Eng2_02F_A04:-86,Eng2_03F-08:-88,5,1575157242
0,0,Eng2_04F-06:-80,Eng2_02F_A03:-86,Eng2_02F_A04:-86,Eng2_03F-08:-88,5,1575157244
0,0,Eng2_04F-06:-80,Eng2_02F_A03:-86,Eng2_02F_A04:-86,Eng2_03F-08:-79,5,1575157246
0,0,Eng2_04F-06:-80,Eng2_02F_A03:-86,Eng2_03F-08:-79,Eng2_06F-07:-78,5,1575157248
2245,303,Eng2_04F-06:-80,Eng2_02F_A03:-86,Eng2_03F-08:-75,Eng2_06F-07:-78,5,1575157250
0,0,Eng2_04F-06:-80,Eng2_02F_A03:-86,Eng2_03F-08:-75,Eng2_06F-07:-78,5,1575157252
0,0,Eng2_04F-06:-80,Eng2_02F_A03:-86,Eng2_03F-08:-87,Eng2_06F-07:-78,5,1575157254
0,0,Eng2_04F-06:-80,Eng2_02F_A03:-86,Eng2_03F-08:-88,Eng2_06F-07:-78,5,1575157256
0,0,Eng2_04F-06:-80,Eng2_02F_A03:-86,Eng2_03F-08:-88,Eng2_06F-07:-78,5,1575157258
0,0,Eng2_04F-06:-80,Eng2_02F_A03:-86,Eng2_03F-08:-88,Eng2_06F-07:-78,5,1575157260
0,0,Eng2_04F-06:-80,Eng2_02F_A03:-79,Eng2_03F-08:-88,Eng2_06F-07:-78,5,1575157262
0,0,Eng2_04F-06:-80,Eng2_02F_A03:-79,Eng2_03F-08:-88,Eng2_06F-07:-78,5,1575157264
1721,303,Eng2_04F-06:-80,Eng2_02F_A03:-79,Eng2_03F-08:-88,Eng2_06F-07:-78,5,1575157266
0,0,Eng2_04F-06:-80,Eng2_02F_A03:-79,Eng2_02F_A04:-84,Eng2_03F-05:-82,5,1575157268
0,0,Eng2_04F-06:-80,Eng2_02F_A03:-79,Eng2_02F_A04:-84,Eng2_03F-05:-82,5,1575157270
0,0,Eng2_04F-06:-80,Eng2_02F_A03:-79,Eng2_02F_A04:-80,Eng2_03F-05:-82,5,1575157272
0,0,Eng2_04F-06:-80,Eng2_02F_A03:-79,Eng2_02F_A04:-80,Eng2_03F-05:-82,5,1575157274
0,0,Eng2_04F-06:-80,Eng2_02F_A03:-79,Eng2_02F_A04:-81,Eng2_03F-04:-62,5,1575157276
1212,303,Eng2_04F-06:-80,Eng2_02F_A03:-79,Eng2_02F_A04:-81,Eng2_06F-04:-75,5,1575157278
0,0,Eng2_04F-06:-80,Eng2_02F_A03:-79,Eng2_02F_A04:-84,Eng2_06F-04:-75,5,1575157280
0,0,Eng2_04F-06:-80,Eng2_02F_A03:-79,Eng2_02F_A04:-84,Eng2_06F-04:-84,5,1575157282
0,0,Eng2_04F-06:-80,Eng2_02F_A04:-84,Eng2_03F-05:-74,Eng2_06F-04:-84,5,1575157284
1212,607,Eng2_04F-06:-80,Eng2_02F_A04:-84,Eng2_03F-05:-74,Eng2_06F-04:-84,5,1575157286
0,0,Eng2_04F-06:-72,Eng2_02F_A04:-84,Eng2_03F-05:-64,Eng2_06F-04:-84,5,1575157288
0,0,Eng2_04F-06:-72,Eng2_02F_A04:-84,Eng2_03F-05:-64,Eng2_06F-04:-84,5,1575157290
0,0,Eng2_04F-06:-72,Eng2_02F_A04:-84,Eng2_03F-05:-67,Eng2_06F-04:-84,5,1575157292
0,0,Eng2_04F-06:-72,Eng2_02F_A04:-84,Eng2_06F-06:-83,Eng2_03F-05:-67,5,1575157294
0,0,Eng2_04F-06:-72,Eng2_02F_A04:-84,Eng2_06F-06:-83,Eng2_05F-07:-82,5,1575157296
1721,607,Eng2_04F-06:-72,Eng2_02F_A04:-84,Eng2_06F-06:-83,Eng2_05F-07:-82,5,1575157299
0,0,Eng2_04F-06:-72,Eng2_02F_A03:-81,Eng2_02F_A04:-84,Eng2_06F-06:-83,5,1575157301
0,0,Eng2_04F-06:-72,Eng2_02F_A03:-79,Eng2_02F_A04:-84,Eng2_06F-06:-83,5,1575157303
0,0,Eng2_04F-06:-72,Eng2_02F_A03:-79,Eng2_02F_A04:-84,Eng2_06F-06:-83,5,1575157305
1721,303,Eng2_04F-06:-72,Eng2_02F_A03:-79,Eng2_06F-06:-83,Eng2_05F-07:-82,5,1575157307
0,0,Eng2_04F-06:-72,Eng2_02F_A03:-79,Eng2_06F-06:-83,Eng2_05F-07:-82,5,1575157309
0,0,Eng2_04F-06:-72,Eng2_02F_A03:-85,Eng2_02F_A04:-88,Eng2_06F-06:-83,5,1575157311
0,0,Eng2_04F-06:-72,Eng2_02F_A03:-85,Eng2_02F_A04:-81,Eng2_06F-06:-83,5,1575157313
0,0,Eng2_04F-06:-72,Eng2_02F_A03:-85,Eng2_02F_A04:-81,Eng2_05F-07:-82,5,1575157315
0,0,Eng2_04F-06:-72,Eng2_02F_A03:-85,Eng2_02F_A04:-70,Eng2_03F-05:-71,5,1575157317
0,0,Eng2_04F-06:-72,Eng2_02F_A03:-85,Eng2_02F_A04:-70,Eng2_03F-05:-71,5,1575157319
0,0,Eng2_04F-06:-72,Eng2_02F_A03:-85,Eng2_02F_A04:-83,Eng2_03F-05:-71,5,1575157321
0,0,Eng2_04F-06:-72,Eng2_02F_A03:-85,Eng2_02F_A04:-83,Eng2_03F-05:-71,5,1575157323
0,0,Eng2_04F-06:-72,Eng2_02F_A03:-85,Eng2_02F_A04:-83,Eng2_03F-05:-71,5,1575157325
0,0,Eng2_04F-06:-72,Eng2_02F_A03:-85,Eng2_02F_A04:-83,Eng2_03F-05:-71,5,1575157327
0,0,Eng2_04F-06:-72,Eng2_02F_A03:-85,Eng2_02F_A04:-83,Eng2_03F-05:-71,5,1575157329
0,0,Eng2_04F-06:-72,Eng2_02F_A03:-85,Eng2_02F_A04:-83,Eng2_03F-04:-76,5,1575157331
0,0,Eng2_04F-06:-72,Eng2_02F_A03:-85,Eng2_02F_A04:-83,Eng2_03F-04:-76,5,1575157333
0,0,Eng2_04F-06:-72,Eng2_02F_A03:-85,Eng2_02F_A04:-83,Eng2_03F-04:-79,5,1575157335
533,303,Eng2_04F-06:-72,Eng2_02F_A04:-83,Eng2_03F-04:-79,Eng2_04F-05:-78,5,1575157337
0,0,Eng2_04F-06:-72,Eng2_02F_A04:-83,Eng2_03F-04:-79,Eng2_04F-05:-78,5,1575157339
0,0,Eng2_04F-06:-72,Eng2_02F_A04:-83,Eng2_03F-04:-79,Eng2_04F-05:-78,5,1575157341
0,0,Eng2_04F-06:-72,Eng1_06F-01:-67,Eng2_03F-04:-79,Eng2_04F-05:-78,5,1575157343
533,607,Eng2_04F-06:-72,Eng1_06F-01:-67,Eng2_03F-04:-79,Eng2_04F-05:-86,5,1575157345
0,0,Eng2_04F-06:-72,Eng1_06F-01:-67,Eng2_06F-04:-77,Eng2_03F-04:-90,5,1575157347
0,0,Eng2_04F-06:-72,Eng1_06F-01:-67,Eng2_06F-04:-77,Eng2_03F-04:-90,5,1575157349
0,0,Eng2_04F-06:-72,Eng1_06F-01:-67,Eng2_06F-04:-77,Eng2_03F-04:-90,5,1575157351
0,0,Eng2_04F-06:-72,Eng1_06F-01:-67,Eng2_06F-04:-77,Eng2_03F-04:-90,5,1575157353
0,0,Eng2_04F-06:-72,Eng1_06F-01:-67,Eng2_06F-04:-77,Eng2_03F-04:-90,5,1575157355
0,0,Eng2_04F-06:-72,Eng2_02F_A04:-87,Eng2_03F-05:-81,Eng2_03F-04:-90,5,1575157357
0,0,Eng2_04F-06:-72,Eng2_02F_A04:-87,Eng2_03F-05:-81,Eng2_03F-04:-79,5,1575157359
1212,607,Eng2_04F-06:-72,Eng2_02F_A04:-81,Eng2_03F-05:-91,Eng2_03F-04:-72,5,1575157361
1212,607,Eng2_04F-06:-72,Eng2_02F_A04:-81,Eng2_03F-05:-91,Eng2_03F-04:-65,5,1575157363
0,0,Eng2_04F-06:-72,Eng2_02F_A04:-80,Eng2_03F-05:-91,Eng2_03F-04:-73,5,1575157365
0,0,Eng2_04F-06:-72,Eng2_02F_A04:-80,Eng2_03F-05:-91,Eng2_03F-04:-70,5,1575157367
1212,303,Eng2_04F-06:-72,Eng2_02F_A04:-80,Eng2_03F-05:-91,Eng2_03F-04:-70,5,1575157369
0,0,Eng2_04F-06:-72,Eng2_02F_A04:-80,Eng2_03F-05:-91,Eng2_03F-04:-73,5,1575157371
0,0,Eng2_04F-06:-72,Eng2_02F_A04:-80,Eng2_03F-05:-84,Eng2_03F-04:-73,5,1575157373
0,0,Eng2_04F-06:-72,Eng2_02F_A03:-83,Eng2_02F_A04:-80,Eng2_03F-05:-84,5,1575157375
0,0,Eng2_04F-06:-72,Eng2_02F_A03:-83,Eng2_02F_A04:-80,Eng2_03F-05:-65,5,1575157377
0,0,Eng2_04F-06:-77,Eng2_02F_A03:-84,Eng2_03F-05:-65,Eng2_03F-04:-81,5,1575157379
0,0,Eng2_04F-06:-77,Eng2_02F_A03:-84,Eng2_03F-05:-80,Eng2_03F-04:-81,5,1575157381
0,0,Eng2_04F-06:-77,Eng2_02F_A03:-84,Eng2_03F-05:-80,Eng2_03F-04:-84,5,1575157383
0,0,Eng2_04F-06:-77,Eng2_02F_A03:-85,Eng2_06F-07:-85,Eng2_07F-06:-81,5,1575157385
0,0,Eng2_04F-06:-77,Eng2_02F_A03:-85,Eng2_03F-08:-87,Eng2_06F-07:-85,5,1575157387
0,0,Eng2_04F-06:-77,Eng2_02F_A03:-85,Eng2_03F-08:-87,Eng2_06F-07:-83,5,1575157389
0,0,Eng2_04F-06:-77,Eng2_02F_A03:-87,Eng2_03F-08:-79,Eng2_06F-07:-83,5,1575157391
0,0,Eng2_04F-06:-77,Eng2_02F_A03:-87,Eng2_03F-08:-79,Eng2_06F-07:-83,5,1575157393
2245,303,Eng2_04F-06:-77,Eng2_02F_A03:-87,Eng2_03F-08:-81,Eng2_06F-07:-83,5,1575157395
0,0,Eng2_04F-06:-77,Eng2_02F_A03:-87,Eng2_03F-08:-81,Eng2_06F-07:-80,5,1575157397
0,0,Eng2_04F-06:-77,Eng2_02F_A03:-83,Eng2_03F-08:-81,Eng2_06F-07:-80,5,1575157399
0,0,Eng2_04F-06:-77,Eng2_02F_A03:-83,Eng2_03F-08:-86,Eng2_06F-07:-80,5,1575157401
0,0,Eng2_04F-06:-77,Eng2_02F_A03:-83,Eng2_03F-08:-86,Eng2_06F-07:-80,5,1575157403
0,0,Eng2_04F-06:-77,Eng2_02F_A03:-82,Eng2_03F-08:-86,Eng2_06F-07:-80,5,1575157405
0,0,Eng2_04F-06:-77,Eng2_02F_A03:-82,Eng2_03F-08:-86,Eng2_06F-07:-80,5,1575157407
0,0,Eng2_04F-06:-77,Eng2_02F_A03:-82,Eng2_03F-08:-86,Eng2_06F-07:-80,5,1575157409
0,0,Eng2_04F-06:-77,Eng2_02F_A03:-79,Eng2_03F-08:-86,Eng2_05F-07:-83,5,1575157411
0,0,Eng2_04F-06:-77,Eng2_02F_A03:-79,Eng2_03F-08:-86,Eng2_05F-07:-83,5,1575157413
0,0,Eng2_04F-06:-77,Eng2_02F_A03:-79,Eng2_03F-08:-86,Eng2_03F-05:-88,5,1575157415
0,0,Eng2_04F-06:-77,Eng2_02F_A03:-79,Eng2_02F_A04:-74,Eng2_03F-08:-86,5,1575157417
0,0,Eng2_04F-06:-77,Eng2_02F_A03:-79,Eng2_02F_A04:-74,Eng2_03F-08:-86,5,1575157419
1212,303,Eng2_04F-06:-77,Eng2_02F_A03:-79,Eng2_02F_A04:-74,Eng2_03F-05:-88,5,1575157421
0,0,Eng2_04F-06:-77,Eng2_02F_A03:-79,Eng2_02F_A04:-74,Eng2_03F-05:-88,5,1575157423
0,0,Eng2_04F-06:-77,Eng2_02F_A03:-79,Eng2_02F_A04:-74,Eng2_03F-05:-88,5,1575157425
0,0,Eng2_04F-06:-77,Eng2_02F_A04:-74,Eng2_03F-05:-88,Eng2_06F-04:-79,5,1575157427
1212,607,Eng2_04F-06:-77,Eng2_02F_A04:-74,Eng2_03F-05:-88,Eng2_06F-04:-79,5,1575157429
0,0,Eng2_04F-06:-77,Eng2_02F_A04:-74,Eng2_06F-04:-76,Eng2_03F-04:-84,5,1575157431
0,0,Eng2_04F-06:-77,Eng2_05F-07:-83,Eng2_03F-05:-59,Eng2_06F-04:-76,5,1575157433
0,0,Eng2_04F-06:-77,Eng2_06F-06:-75,Eng2_05F-07:-83,Eng2_03F-05:-59,5,1575157435
0,0,Eng2_04F-06:-77,Eng1_01F_A21:-89,Eng2_06F-06:-75,Eng2_05F-07:-81,5,1575157437
0,0,Eng2_04F-06:-77,Eng2_02F_A03:-72,Eng1_01F_A21:-89,Eng2_03F-08:-89,5,1575157439
0,0,Eng2_04F-06:-77,Eng2_02F_A03:-72,Eng1_01F_A21:-89,Eng2_03F-08:-89,5,1575157442
0,0,Eng2_04F-06:-77,Eng2_02F_A03:-86,Eng1_01F_A21:-89,Eng2_03F-08:-89,5,1575157444
0,0,Eng2_04F-06:-77,Eng2_02F_A03:-86,Eng1_01F_A21:-89,Eng2_03F-08:-89,5,1575157446
0,0,Eng2_04F-06:-77,Eng2_02F_A03:-86,Eng2_03F-08:-84,Eng2_06F-06:-63,5,1575157448
0,0,Eng2_04F-06:-77,Eng2_02F_A03:-86,Eng2_03F-08:-84,Eng2_06F-06:-63,5,1575157450
0,0,Eng2_04F-06:-77,Eng2_02F_A03:-86,Eng2_03F-08:-86,Eng2_06F-06:-69,5,1575157452
0,0,Eng2_04F-06:-77,Eng2_02F_A03:-86,Eng2_03F-08:-86,Eng2_06F-06:-69,5,1575157454
2245,607,Eng2_04F-06:-77,Eng2_02F_A03:-86,Eng2_03F-08:-84,Eng2_06F-06:-77,5,1575157456
0,0,Eng2_04F-06:-77,Eng2_02F_A03:-86,Eng2_03F-08:-84,Eng2_06F-06:-77,5,1575157458
0,0,Eng2_04F-06:-77,Eng2_02F_A03:-86,Eng2_03F-08:-85,Eng2_06F-06:-70,5,1575157460
0,0,Eng2_04F-06:-77,Eng2_02F_A03:-86,Eng2_03F-08:-85,Eng2_06F-06:-70,5,1575157462
0,0,Eng2_04F-06:-77,Eng2_02F_A03:-86,Eng2_03F-08:-85,Eng2_06F-06:-76,5,1575157464
0,0,Eng2_04F-06:-77,Eng2_02F_A03:-86,Eng2_03F-08:-85,Eng2_06F-06:-76,5,1575157466
0,0,Eng2_04F-06:-77,Eng2_02F_A03:-86,Eng2_03F-08:-85,Eng2_06F-06:-76,5,1575157468
1721,607,Eng2_04F-06:-80,Eng2_02F_A03:-86,Eng2_03F-08:-85,Eng2_06F-06:-76,5,1575157470
0,0,Eng2_04F-06:-80,Eng2_02F_A03:-84,Eng2_03F-08:-85,Eng2_06F-06:-76,5,1575157472
0,0,Eng2_04F-06:-80,Eng2_02F_A03:-84,Eng2_03F-08:-85,Eng2_06F-06:-76,5,1575157474
0,0,Eng2_04F-06:-80,Eng2_02F_A03:-84,Eng2_03F-08:-85,Eng2_06F-06:-76,5,1575157476
0,0,Eng2_04F-06:-80,Eng2_02F_A03:-84,Eng1_01F_A21:-85,Eng2_03F-08:-85,5,1575157478
0,0,Eng2_04F-06:-80,Eng2_02F_A03:-84,Eng1_01F_A21:-85,Eng2_03F-08:-85,5,1575157480
0,0,Eng2_04F-06:-80,Eng2_02F_A03:-84,Eng1_01F_A21:-85,Eng2_02F_A04:-85,5,1575157482
1212,607,Eng2_04F-06:-80,Eng2_02F_A03:-84,Eng1_01F_A21:-85,Eng2_02F_A04:-85,5,1575157484
0,0,Eng2_04F-06:-80,Eng2_02F_A03:-84,Eng1_01F_A21:-85,Eng2_02F_A04:-85,5,1575157486
0,0,Eng2_04F-06:-80,Eng2_02F_A03:-84,Eng1_01F_A21:-85,Eng2_02F_A04:-85,5,1575157488
0,0,Eng2_04F-06:-80,Eng1_01F_A21:-85,Eng2_02F_A04:-85,Eng2_03F-05:-73,5,1575157490
0,0,Eng2_04F-06:-80,Eng1_01F_A21:-85,Eng2_02F_A04:-85,Eng2_03F-05:-73,5,1575157492
0,0,Eng2_04F-06:-80,Eng1_01F_A21:-85,Eng2_02F_A04:-85,Eng2_03F-05:-73,5,1575157494
0,0,Eng2_04F-06:-80,Eng1_01F_A21:-85,Eng2_02F_A04:-85,Eng2_03F-05:-73,5,1575157496
0,0,Eng2_04F-06:-80,Eng2_02F_A04:-85,Eng2_03F-05:-73,Eng2_03F-04:-83,5,1575157498
533,607,Eng2_04F-06:-80,Eng2_02F_A04:-85,Eng2_03F-05:-73,Eng2_03F-04:-83,5,1575157500
533,520,Eng2_04F-06:-80,Eng2_02F_A04:-85,Eng2_03F-05:-73,Eng2_03F-04:-83,5,1575157502
0,0,Eng2_04F-06:-80,Eng2_02F_A04:-85,Eng2_03F-05:-73,Eng2_03F-04:-83,5,1575157504
420,520,Eng2_04F-06:-80,Eng2_02F_A04:-85,Eng2_03F-05:-73,Eng2_03F-04:-83,5,1575157506
0,0,Eng2_04F-06:-80,Eng2_02F_A04:-85,Eng2_03F-05:-73,Eng2_03F-04:-83,5,1575157508
0,0,Eng2_04F-06:-80,Eng2_03F-05:-73,Eng2_03F-04:-82,108-5F-05:-90,5,1575157510
420,303,Eng2_04F-06:-80,Eng2_03F-05:-73,Eng2_03F-04:-82,Eng2_04F-05:-79,5,1575157512
0,0,Eng2_04F-06:-80,Eng2_03F-05:-73,Eng2_03F-04:-82,Eng2_04F-05:-79,5,1575157514
0,0,Eng2_04F-06:-80,Eng2_03F-05:-73,Eng2_03F-04:-82,Eng2_04F-05:-79,5,1575157516
0,0,Eng2_04F-06:-80,Eng2_03F-05:-73,Eng2_03F-04:-82,Eng2_04F-05:-79,5,1575157518
0,0,Eng2_04F-06:-80,Eng2_03F-04:-82,Eng2_04F-05:-81,108-5F-05:-90,5,1575157520
63,303,Eng2_04F-06:-80,Eng2_03F-04:-76,Eng2_04F-05:-83,108-5F-05:-90,5,1575157522
0,0,Eng2_04F-06:-80,Eng2_03F-04:-76,Eng2_04F-05:-83,108-5F-05:-90,5,1575157524
0,0,Eng2_04F-06:-80,Eng2_03F-04:-76,Eng2_04F-05:-83,108-5F-05:-90,5,1575157526
0,0,Eng2_04F-06:-80,Eng2_03F-04:-76,Eng2_04F-05:-78,108-5F-05:-90,5,1575157528
420,303,Eng2_04F-06:-80,Eng2_03F-04:-76,Eng2_04F-05:-78,108-5F-05:-90,5,1575157530
0,0,Eng2_04F-06:-80,Eng2_03F-04:-84,Eng2_04F-05:-89,108-5F-05:-90,5,1575157532
0,0,Eng2_04F-06:-80,Eng2_03F-04:-84,Eng2_04F-05:-89,108-5F-05:-90,5,1575157534
0,0,Eng2_04F-06:-80,Eng2_03F-04:-84,Eng2_04F-05:-89,108-5F-05:-90,5,1575157536
420,607,Eng2_04F-06:-80,Eng2_03F-04:-84,Eng2_04F-05:-89,108-5F-05:-90,5,1575157538
0,0,Eng2_04F-06:-80,Eng2_03F-04:-84,Eng2_04F-05:-89,108-5F-05:-90,5,1575157540
0,0,Eng2_04F-06:-80,Eng2_03F-04:-84,Eng2_04F-05:-89,108-5F-05:-90,5,1575157542
0,0,Eng2_04F-06:-80,Eng2_03F-04:-84,Eng2_04F-05:-89,108-5F-05:-90,5,1575157544
0,0,Eng2_04F-06:-80,Eng2_03F-04:-84,Eng2_04F-05:-89,Eng2_03F-02:-72,5,1575157546
63,607,Eng2_04F-06:-80,Eng2_03F-04:-84,Eng2_04F-05:-89,Eng2_03F-02:-72,5,1575157548
0,0,Eng2_04F-06:-80,Eng2_03F-04:-84,Eng2_04F-05:-89,Eng2_03F-02:-72,5,1575157550
0,0,Eng2_04F-06:-80,Eng2_03F-04:-84,Eng2_04F-05:-89,Eng2_03F-02:-72,5,1575157552
0,0,Eng2_04F-06:-80,Eng2_03F-04:-84,Eng2_04F-05:-89,Eng2_03F-02:-72,5,1575157554
0,0,Eng2_04F-06:-80,Eng2_03F-04:-84,Eng2_04F-05:-89,Eng2_03F-02:-72,5,1575157556
420,607,Eng2_04F-06:-85,Eng2_03F-04:-84,Eng2_04F-05:-89,Eng2_03F-02:-72,5,1575157558
0,0,Eng2_04F-06:-85,Eng2_03F-04:-84,Eng2_04F-05:-89,Eng2_03F-02:-72,5,1575157560
420,520,Eng2_04F-06:-85,Eng2_03F-04:-84,Eng2_04F-05:-89,Eng2_03F-02:-72,5,1575157562
0,0,Eng2_04F-06:-85,Eng2_03F-04:-82,Eng2_04F-05:-89,Eng2_03F-02:-72,5,1575157564
533,520,Eng2_04F-06:-85,Eng2_03F-04:-82,Eng2_04F-05:-89,Eng2_03F-02:-72,5,1575157566
533,607,Eng2_04F-06:-85,Eng2_03F-04:-82,Eng2_04F-05:-89,Eng2_03F-02:-72,5,1575157568
0,0,Eng2_04F-06:-85,Eng2_03F-04:-82,Eng2_04F-05:-89,Eng2_03F-02:-72,5,1575157570
0,0,Eng2_04F-06:-85,Eng2_03F-04:-82,Eng2_04F-05:-89,Eng2_03F-02:-72,5,1575157572
0,0,Eng2_04F-06:-85,Eng2_06F-04:-80,Eng2_03F-04:-82,Eng2_03F-02:-72,5,1575157574
0,0,Eng2_04F-06:-85,Eng2_06F-04:-80,Eng2_03F-04:-82,Eng2_03F-02:-72,5,1575157576
0,0,Eng2_04F-06:-85,Eng1_01F_A21:-90,Eng2_03F-05:-76,Eng2_06F-04:-78,5,1575157578
0,0,Eng2_04F-06:-85,Eng1_01F_A21:-90,Eng2_03F-05:-76,Eng2_06F-04:-78,5,1575157580
0,0,Eng2_04F-06:-85,Eng1_01F_A21:-90,Eng2_03F-05:-79,Eng2_06F-04:-78,5,1575157582
0,0,Eng2_04F-06:-85,Eng1_01F_A21:-90,Eng2_03F-05:-79,Eng2_06F-04:-78,5,1575157584
1212,607,Eng2_04F-06:-85,Eng1_01F_A21:-88,Eng2_03F-05:-83,Eng2_06F-04:-74,5,1575157586
